datetime,call_oi,put_oi,call_volume,put_volume,call_iv,put_iv
2024-01-01 00:00:00,68084,40622,15638,17467,0.1275786365021064,0.23766015661328255
2024-01-01 00:05:00,20352,75264,10828,11163,0.24979476041009063,0.17649899500274294
2024-01-01 00:10:00,76095,48584,9994,18935,0.21781231898353073,0.18345199383444688
2024-01-01 00:15:00,41586,67850,16556,17919,0.2323074311182347,0.2405649687427591
2024-01-01 00:20:00,25344,24722,11436,12635,0.20465570257239502,0.18772888052441644
2024-01-01 00:25:00,24507,37772,13676,16886,0.2313170666460791,0.18338779694644292
2024-01-01 00:30:00,57598,40569,12614,8281,0.1346097867407322,0.19518278335155953
2024-01-01 00:35:00,63988,61679,13994,6536,0.16520591862271103,0.20959986572718375
2024-01-01 00:40:00,52885,23235,6715,11201,0.23393472266858406,0.13389483876131408
2024-01-01 00:45:00,36865,24576,13150,8164,0.14621517746469598,0.22674436860639707
2024-01-01 00:50:00,57055,46707,15107,7770,0.13017147281540295,0.1766156535689237
2024-01-01 00:55:00,47213,53868,8483,15155,0.22245546219287848,0.12940530628667313
2024-01-01 01:00:00,75954,61632,12675,12399,0.22861320023362852,0.2222037469957677
2024-01-01 01:05:00,77450,61476,6757,8845,0.14114478836468708,0.16900349631921535
2024-01-01 01:10:00,24477,71684,6809,8435,0.231064977761753,0.133047774362357
2024-01-01 01:15:00,26533,50285,19579,9710,0.20927981342763205,0.20239127514062255
2024-01-01 01:20:00,69395,44154,10539,5561,0.18761074881815593,0.2344170759463734
2024-01-01 01:25:00,79976,40054,11048,15613,0.22793252506158007,0.23540795622381822
2024-01-01 01:30:00,43396,37165,16199,9717,0.17450240241146556,0.2444962517251665
2024-01-01 01:35:00,32755,34439,16417,12623,0.14521921430904164,0.23280170976966943
2024-01-01 01:40:00,20865,72675,16687,15327,0.15703084795937977,0.12027831951491177
2024-01-01 01:45:00,31173,64518,15512,12187,0.18567132237813094,0.16943135163374073
2024-01-01 01:50:00,78905,42515,14862,18301,0.18907300304751284,0.22641053538771538
2024-01-01 01:55:00,58097,46962,19136,15253,0.22472550743736036,0.16761289077980165
2024-01-01 02:00:00,53371,73934,17807,7180,0.22287585407480348,0.1982013058293618
2024-01-01 02:05:00,58524,62549,6151,6960,0.19557765243659475,0.19882120315868917
2024-01-01 02:10:00,31254,57763,10492,8879,0.22150211283751192,0.167453289525047
2024-01-01 02:15:00,24018,70653,11711,10153,0.14493054957817722,0.2375816105465674
2024-01-01 02:20:00,25192,64754,19973,12035,0.12650838852212826,0.18541968490019528
2024-01-01 02:25:00,22015,65278,11302,16471,0.23357239694251103,0.18042194677187512
2024-01-01 02:30:00,62618,39464,9747,17076,0.12982208418916005,0.24967678693604647
2024-01-01 02:35:00,23380,62036,15415,8270,0.15206949586671964,0.18415504732944016
2024-01-01 02:40:00,48343,78444,19238,9687,0.21039146345117,0.14319177275071554
2024-01-01 02:45:00,23770,50413,15859,5582,0.17322823189155018,0.18669902497224694
2024-01-01 02:50:00,25829,53270,13402,14805,0.23392081608901616,0.2258221756175909
2024-01-01 02:55:00,54381,62299,15686,14293,0.15873737330609505,0.22099184249677659
2024-01-01 03:00:00,65915,40269,9681,5288,0.1215432750670167,0.22251562946410122
2024-01-01 03:05:00,35545,51541,17454,10664,0.15908523327289673,0.21204309191972853
2024-01-01 03:10:00,38263,28009,7507,12979,0.1951497563940281,0.15304831777866945
2024-01-01 03:15:00,58140,37007,7963,8859,0.16887198880242812,0.23207093115923008
2024-01-01 03:20:00,73260,46462,8428,8060,0.18953345824863818,0.23614765049891445
2024-01-01 03:25:00,63306,31542,16567,16118,0.23395775544855243,0.1452398505604114
2024-01-01 03:30:00,45675,37434,18544,18731,0.2386230570499479,0.1369592327516812
2024-01-01 03:35:00,78418,49765,12494,17294,0.15457662840503456,0.24682864591658457
2024-01-01 03:40:00,45362,43769,8955,6183,0.1800782615250871,0.23288211527454783
2024-01-01 03:45:00,20148,42465,18493,9335,0.19138872198138865,0.23612069913729306
2024-01-01 03:50:00,21754,41868,8705,19274,0.24338461939547212,0.23522893000117137
2024-01-01 03:55:00,46745,40156,16597,6446,0.24982025149137002,0.1904192871243847
2024-01-01 04:00:00,27378,40300,19026,11679,0.15060294234939847,0.20403222576655394
2024-01-01 04:05:00,66359,73170,9038,14941,0.214507383274956,0.19089717077737342
2024-01-01 04:10:00,75833,70481,14244,11213,0.16914403809031536,0.12665682539474277
2024-01-01 04:15:00,40140,33435,5713,6903,0.12105406559520772,0.21691540109586044
2024-01-01 04:20:00,29371,24114,12260,19551,0.1212028279166673,0.18569316433366445
2024-01-01 04:25:00,46999,66336,16080,16367,0.17987358098309325,0.20420217972272986
2024-01-01 04:30:00,32779,56135,12011,12894,0.1834835386905635,0.1853431746468196
2024-01-01 04:35:00,51075,28095,13879,14269,0.12293406055454754,0.18393547190191928
2024-01-01 04:40:00,50697,57909,13521,7377,0.20930056418065932,0.14233258423210968
2024-01-01 04:45:00,78268,23951,6746,5847,0.1582204405173439,0.15623278296834936
2024-01-01 04:50:00,74544,41468,6207,12370,0.19278610319967343,0.14065084995271426
2024-01-01 04:55:00,29795,47073,15334,18599,0.15911947951150443,0.14543661843129452
2024-01-01 05:00:00,72204,67655,5784,19380,0.14172746093300992,0.24648705945463964
2024-01-01 05:05:00,58460,54341,7696,16068,0.17293258601785377,0.1399047479503858
2024-01-01 05:10:00,24218,66127,17012,11341,0.1501955374227651,0.155005155159677
2024-01-01 05:15:00,57571,71786,19688,6239,0.18952412699949184,0.19677665550601603
2024-01-01 05:20:00,71529,22768,12073,10600,0.1458477089372424,0.19932321491076344
2024-01-01 05:25:00,31672,58070,10036,14524,0.1860927769638015,0.14001663686669777
2024-01-01 05:30:00,74238,66514,12127,16698,0.14045920693295277,0.2231832653520776
2024-01-01 05:35:00,51042,75402,18576,15571,0.20722671223315203,0.22207637282866727
2024-01-01 05:40:00,55950,53979,8718,9791,0.21801189897738513,0.15085130154650583
2024-01-01 05:45:00,31009,45351,10775,17314,0.13435125045249138,0.15752661934780987
2024-01-01 05:50:00,67096,35445,12910,16429,0.18081431356485408,0.2419384225097346
2024-01-01 05:55:00,39544,75107,7693,7365,0.12921332108513356,0.22733728797733216
2024-01-01 06:00:00,75728,68583,5625,15604,0.19776371792046032,0.2107136142981281
2024-01-01 06:05:00,49381,21160,17426,16366,0.1543725587308539,0.13069031879637807
2024-01-01 06:10:00,45287,42361,8708,10055,0.18859117938903203,0.17437433051733484
2024-01-01 06:15:00,22586,27041,11859,10622,0.18726993121995786,0.19270924336998752
2024-01-01 06:20:00,22648,38767,13953,19156,0.24016606500519405,0.144363467437891
2024-01-01 06:25:00,60081,30846,19121,5372,0.19138081893393397,0.17826945567406918
2024-01-01 06:30:00,38101,58644,12692,12783,0.19578980236338103,0.1981333640735297
2024-01-01 06:35:00,65312,39924,17171,6949,0.17221490634936942,0.1625589684150019
2024-01-01 06:40:00,41692,65657,11398,5244,0.24338034841376618,0.22152282646356333
2024-01-01 06:45:00,27407,33882,12252,15032,0.22103416822714925,0.2292584456130447
2024-01-01 06:50:00,37254,34738,16721,12795,0.1571026877393694,0.1620692310264292
2024-01-01 06:55:00,35234,41019,6555,10772,0.22974724615091016,0.22902543008401943
2024-01-01 07:00:00,72726,21095,16825,16619,0.1762115268240617,0.13346495359339194
2024-01-01 07:05:00,42211,58669,13867,19813,0.22772672865936722,0.22890478282094534
2024-01-01 07:10:00,49480,60983,9187,5124,0.22697544887815527,0.13985755611679015
2024-01-01 07:15:00,67780,65679,12767,17824,0.14455312427917105,0.13078052982626437
2024-01-01 07:20:00,77138,34123,18380,15945,0.21114834707986502,0.20343080257733145
2024-01-01 07:25:00,44846,48132,5036,6919,0.15778358600984904,0.18135185754818825
2024-01-01 07:30:00,62503,21079,17028,14827,0.15867404709904687,0.23802577805366826
2024-01-01 07:35:00,77893,49657,6787,14617,0.15852524999447548,0.1672145954918104
2024-01-01 07:40:00,66193,65278,11283,14732,0.21432387218279325,0.15732979424689172
2024-01-01 07:45:00,68466,52375,13060,5530,0.1498773854330297,0.18509553779874577
2024-01-01 07:50:00,35321,44754,15919,12849,0.12011775858199172,0.17927300414992597
2024-01-01 07:55:00,32646,71999,13065,11929,0.2129807909527423,0.16477564600823447
2024-01-01 08:00:00,74921,51153,18489,9349,0.14225401669856627,0.21018636883078273
2024-01-01 08:05:00,42117,38344,8880,19456,0.1335827113900185,0.21874303840880807
2024-01-01 08:10:00,79056,54241,10932,16295,0.15087709567722782,0.23088791597391778
2024-01-01 08:15:00,72392,57656,15086,9756,0.16938706790195152,0.24647135861234457
2024-01-01 08:20:00,78706,24979,13328,6801,0.1818678225715161,0.15466530497722558
2024-01-01 08:25:00,24893,21212,11333,10156,0.125794105292642,0.213092152723695
2024-01-01 08:30:00,29476,74849,10759,12856,0.24617453324155686,0.17125357061444688
2024-01-01 08:35:00,37270,29001,11485,10461,0.21308819694454256,0.20802065635364403
2024-01-01 08:40:00,75006,33248,18870,14228,0.1620152284921637,0.18187761974539865
2024-01-01 08:45:00,41702,53187,16268,10302,0.16143064344710165,0.24919050335983112
2024-01-01 08:50:00,71410,35608,10067,16920,0.1783105314178997,0.2147572776527975
2024-01-01 08:55:00,24382,56427,17075,12432,0.2014118269591943,0.2438238690564622
2024-01-01 09:00:00,21785,51368,5661,19423,0.1390284986565658,0.22854604143255414
2024-01-01 09:05:00,65798,25283,12973,17203,0.1445608757894438,0.23737713145123823
2024-01-01 09:10:00,31735,45854,11386,11189,0.23172649576836163,0.22587449563790774
2024-01-01 09:15:00,50177,30715,15002,16655,0.15331314010557942,0.17969068694886847
2024-01-01 09:20:00,50712,36165,12887,6142,0.1694253497367731,0.15273249893509497
2024-01-01 09:25:00,76879,78784,5414,12076,0.23326534062351523,0.16814162280856787
2024-01-01 09:30:00,36679,54108,11850,18842,0.20620921782197693,0.12263071024319355
2024-01-01 09:35:00,63013,46797,13534,12614,0.1644225443144195,0.18811911177040674
2024-01-01 09:40:00,55365,67573,7729,14947,0.2088809409442007,0.18565751403515313
2024-01-01 09:45:00,37064,30584,16642,19253,0.12255881799958378,0.18828256042796346
2024-01-01 09:50:00,50563,34780,16857,9840,0.21563354580147748,0.2466240592463683
2024-01-01 09:55:00,74042,57905,16929,6629,0.18331208526711112,0.23848902044912912
2024-01-01 10:00:00,73450,41573,19988,10062,0.22571367914697996,0.14102266118291404
2024-01-01 10:05:00,53092,70513,8897,5762,0.24410289476084088,0.16795472780226559
2024-01-01 10:10:00,67928,53359,17433,11905,0.24035251143429387,0.17511430333022404
2024-01-01 10:15:00,77104,20526,17610,9889,0.2382044556491943,0.16686927932071421
2024-01-01 10:20:00,46867,27855,7169,9839,0.18658209427140532,0.2238044752685087
2024-01-01 10:25:00,65382,63463,18563,18357,0.16681847483806195,0.1881248970827863
2024-01-01 10:30:00,53754,54060,6878,8957,0.18045459221498744,0.19437297620631125
2024-01-01 10:35:00,39502,70806,17162,18819,0.2096864804307369,0.2308917626684303
2024-01-01 10:40:00,20760,49482,11454,5557,0.23491971099325426,0.22477065994399661
2024-01-01 10:45:00,44142,36571,17888,19282,0.14690821939001553,0.13718749796663895
2024-01-01 10:50:00,64653,51740,9570,9621,0.23936511060002139,0.21280889593087246
2024-01-01 10:55:00,61996,39142,15809,19932,0.22597343015608556,0.17660669675726462
2024-01-01 11:00:00,37290,45104,6515,5839,0.2472512819731705,0.15830435739812507
2024-01-01 11:05:00,25499,28625,5574,13194,0.23443273052661934,0.12650244671728422
2024-01-01 11:10:00,20364,59199,17634,14243,0.15639185285994786,0.18334244284490864
2024-01-01 11:15:00,76921,75189,7867,14596,0.1337742684747262,0.16620676849418908
2024-01-01 11:20:00,39797,35926,18798,13348,0.13459133935890652,0.1526966951579321
2024-01-01 11:25:00,60795,51218,8544,11998,0.15785903141517588,0.21030732484760448
2024-01-01 11:30:00,52535,64472,9477,15129,0.1998438841179901,0.2200331003510263
2024-01-01 11:35:00,66300,46380,18591,19242,0.22456164239263243,0.1518226374738252
2024-01-01 11:40:00,67176,77646,5071,5510,0.2369025399076034,0.12642816676831514
2024-01-01 11:45:00,36105,40566,15760,16596,0.20108793996800026,0.23033785107348054
2024-01-01 11:50:00,27939,76125,16629,17974,0.12073207065724698,0.12129476635655943
2024-01-01 11:55:00,33936,53205,7980,6137,0.14422118094740935,0.24182462420979134
2024-01-01 12:00:00,62029,63548,14309,18700,0.13296440650093783,0.20159058361775178
2024-01-01 12:05:00,35863,49717,10492,10606,0.16723218182397132,0.16184006257617162
2024-01-01 12:10:00,32561,69984,15578,17106,0.18517562917238695,0.1520421282449757
2024-01-01 12:15:00,30447,61756,16700,16513,0.1256416332152129,0.12117073635438178
2024-01-01 12:20:00,50624,45135,14551,9666,0.1653021368534352,0.15061128421141404
2024-01-01 12:25:00,66940,48164,9759,13906,0.14329335770129192,0.13790467919722835
2024-01-01 12:30:00,64646,28953,14707,10434,0.20411912161365361,0.19958160869400893
2024-01-01 12:35:00,32411,58562,13084,15478,0.1803554080121642,0.14165092651719416
2024-01-01 12:40:00,39465,23574,19179,11446,0.18439129410140814,0.1887218788797605
2024-01-01 12:45:00,58216,40169,5039,7654,0.17559993244434993,0.1967151349047812
2024-01-01 12:50:00,39642,79858,14574,5990,0.2442825623632537,0.1587454207850989
2024-01-01 12:55:00,51262,41604,15222,12820,0.1479155662658032,0.12455844337243342
2024-01-01 13:00:00,50363,44134,15813,17621,0.18716635377970364,0.12484300447984549
2024-01-01 13:05:00,22107,69069,10373,7160,0.21568225788749368,0.12342515318520929
2024-01-01 13:10:00,27928,43202,18253,10740,0.19238977370749313,0.21608620672775103
2024-01-01 13:15:00,68002,20684,19916,9457,0.24077271514318416,0.16134126162585877
2024-01-01 13:20:00,39317,57001,12565,19168,0.16913588623336695,0.22351902417579628
2024-01-01 13:25:00,69078,69729,6900,15336,0.18027785475051314,0.17612526709957038
2024-01-01 13:30:00,71981,65765,7217,19269,0.1315079009779147,0.1788897531078953
2024-01-01 13:35:00,45017,28007,9796,7063,0.1991698844367507,0.1866747383262446
2024-01-01 13:40:00,33528,69379,9606,15795,0.15746755589825379,0.2126940893287635
2024-01-01 13:45:00,74158,55096,6283,6977,0.14084017513702396,0.15555537255786192
2024-01-01 13:50:00,33313,71883,13775,13567,0.19078906807758605,0.13580635543935848
2024-01-01 13:55:00,21559,61787,18271,13933,0.18920033423938837,0.19228745357489
2024-01-01 14:00:00,70893,69582,13650,17677,0.12986331335912618,0.1625070910215561
2024-01-01 14:05:00,35167,29255,19864,7667,0.21076800895428147,0.17752387077684487
2024-01-01 14:10:00,35343,52262,19193,14432,0.2010903847846109,0.2041030720838497
2024-01-01 14:15:00,58598,38093,19676,16662,0.14457224675704464,0.18423634634836517
2024-01-01 14:20:00,27523,25782,19392,9919,0.1810265320800257,0.20063624622310958
2024-01-01 14:25:00,69777,21234,15457,15559,0.21364197914221278,0.19074600027477162
2024-01-01 14:30:00,48439,77645,15858,15435,0.18882664627036594,0.2161735283516929
2024-01-01 14:35:00,70842,57973,5815,16741,0.17141357990386413,0.2117717603025106
2024-01-01 14:40:00,35524,54188,7511,13609,0.16190399955052268,0.18944468593512048
2024-01-01 14:45:00,33285,51996,5246,12642,0.19935120266372697,0.2082573927117619
2024-01-01 14:50:00,30973,49204,9825,13798,0.24208413078033128,0.23356274829543966
2024-01-01 14:55:00,77434,37152,11516,13759,0.20732682926207285,0.17619526741246191
2024-01-01 15:00:00,42694,75186,5416,5543,0.12971696747272102,0.17365919945734318
2024-01-01 15:05:00,55774,62364,18342,19566,0.1798890465526774,0.2193519307108094
2024-01-01 15:10:00,24302,45019,17655,5883,0.23580713709638157,0.19573199881545922
2024-01-01 15:15:00,70240,39488,11702,19856,0.1322801153541413,0.12923088142893652
2024-01-01 15:20:00,42391,57123,8717,9798,0.24855384257788063,0.23597456203984057
2024-01-01 15:25:00,24611,39689,5107,13040,0.24337902117390475,0.12400180329089322
2024-01-01 15:30:00,29372,70690,15823,14415,0.13017568249488387,0.2172915263072666
2024-01-01 15:35:00,44312,48506,14030,16085,0.24134373165844214,0.21864323855156068
2024-01-01 15:40:00,34080,37715,9513,10718,0.16720723673373009,0.24390444108665096
2024-01-01 15:45:00,35082,77320,18931,7068,0.2298121917198621,0.1270374730923017
2024-01-01 15:50:00,67409,76091,18108,12478,0.1743898339027253,0.19759139190198383
2024-01-01 15:55:00,62861,61029,6421,19923,0.17731116465132707,0.17561927418151688
2024-01-01 16:00:00,50677,33765,17970,13120,0.20245160182708055,0.16298228413174046
2024-01-01 16:05:00,40874,41942,12283,12820,0.22068206450587785,0.1317414128388795
2024-01-01 16:10:00,28378,58712,17104,16901,0.12439258962327232,0.1931450355572702
2024-01-01 16:15:00,21597,59894,5255,6786,0.19711027941852743,0.18227529433769976
2024-01-01 16:20:00,31600,69632,12248,10715,0.14427528923265823,0.13359207955963315
2024-01-01 16:25:00,23747,58031,16019,14649,0.16497343732221637,0.19962363592262083
2024-01-01 16:30:00,33879,40478,14029,19706,0.16523592660017813,0.215933905632882
2024-01-01 16:35:00,71822,42551,7962,18871,0.18097784422874996,0.21974617913697425
2024-01-01 16:40:00,33017,68068,7282,15106,0.16343773354390254,0.23769851447411555
2024-01-01 16:45:00,44815,48072,13744,13269,0.1339569453985868,0.17323119644554102
2024-01-01 16:50:00,38964,55561,13372,16805,0.1389317360083087,0.2438994599208778
2024-01-01 16:55:00,48812,22892,17444,6308,0.12434693812294269,0.2325058226607492
2024-01-01 17:00:00,60200,53966,6477,13839,0.18113238109273805,0.15854520423311208
2024-01-01 17:05:00,44714,44395,13762,15379,0.2440782003308885,0.14070679485542958
2024-01-01 17:10:00,38890,38756,9952,13744,0.13503777907425515,0.17660062149664174
2024-01-01 17:15:00,24725,71044,10880,18285,0.24301438409040066,0.17224683203427565
2024-01-01 17:20:00,63205,42174,14919,13473,0.21533699691517216,0.19484350969305655
2024-01-01 17:25:00,40684,54651,18335,14473,0.2028748443814412,0.19584021020260722
2024-01-01 17:30:00,46325,74619,10592,15038,0.20388610819206318,0.2174983079693968
2024-01-01 17:35:00,77911,20797,18711,18671,0.22747459429151667,0.18628569326672934
2024-01-01 17:40:00,52542,28209,12091,15679,0.13389958236937677,0.13362694332229952
2024-01-01 17:45:00,66037,61003,5591,19605,0.18561806206352044,0.2315778736219038
2024-01-01 17:50:00,33092,69306,11277,18445,0.2106218479738986,0.16026939581407432
2024-01-01 17:55:00,50382,41346,17708,15985,0.19628665785956328,0.24626866983985696
2024-01-01 18:00:00,59770,68025,7260,16903,0.2282612792330283,0.1353218141283701
2024-01-01 18:05:00,45457,48024,16139,17391,0.1293953221714757,0.2445726523902254
2024-01-01 18:10:00,26131,49414,19817,9861,0.20979113513489156,0.1318315348947272
2024-01-01 18:15:00,66029,73232,5347,19430,0.1894236049500133,0.15003469793311772
2024-01-01 18:20:00,45215,60818,13357,7776,0.16929091231739263,0.12605539247125042
2024-01-01 18:25:00,32612,25947,10032,6596,0.164235747690424,0.21166470906306933
2024-01-01 18:30:00,57305,29617,9443,5479,0.20070824226064507,0.23053883575433293
2024-01-01 18:35:00,33091,40704,16088,8312,0.2358293987037544,0.17642924063607746
2024-01-01 18:40:00,55103,48702,17685,11156,0.184502870393145,0.24070786975551586
2024-01-01 18:45:00,57089,21892,13774,16410,0.22721401132999963,0.19673887932822795
2024-01-01 18:50:00,49759,49754,11869,15155,0.1722803296397158,0.201900927608048
2024-01-01 18:55:00,66022,78241,16698,12919,0.13331128016311294,0.2299044962211001
2024-01-01 19:00:00,72137,23424,10696,11744,0.127995745739623,0.15858402665673904
2024-01-01 19:05:00,20559,62218,17595,15334,0.1266734682720781,0.16605454377259135
2024-01-01 19:10:00,20713,33418,8038,8898,0.1694195184544971,0.23777374949530378
2024-01-01 19:15:00,57361,49886,7845,19628,0.16384090760865946,0.2371252544850393
2024-01-01 19:20:00,35184,54783,12864,7072,0.21333181307093402,0.24694276090611322
2024-01-01 19:25:00,35261,43057,15958,14487,0.21656679520603256,0.23723898113741726
2024-01-01 19:30:00,40372,75184,11609,10624,0.12661101594838617,0.1365583646843369
2024-01-01 19:35:00,75355,24833,17386,18477,0.14874602417557195,0.22708415719780833
2024-01-01 19:40:00,52140,29894,6265,5938,0.15565404052065696,0.17327900215424724
2024-01-01 19:45:00,53024,68710,17445,13176,0.19118955793856524,0.2488041762729719
2024-01-01 19:50:00,77920,61833,19945,5761,0.13878697910790352,0.18139652536274414
2024-01-01 19:55:00,67342,20565,17841,12254,0.13741235852200004,0.1919986907252887
2024-01-01 20:00:00,52544,60180,17938,17941,0.24269255559703454,0.1888707389833838
2024-01-01 20:05:00,20037,38402,16159,6669,0.22454637794871152,0.1618258138815761
2024-01-01 20:10:00,63032,62845,7274,12128,0.14348513727185214,0.12975287155607937
2024-01-01 20:15:00,32697,30315,7470,8862,0.17285381502771383,0.2364346599522494
2024-01-01 20:20:00,61420,32834,15482,7685,0.16623085990348352,0.2243478556284173
2024-01-01 20:25:00,68698,22314,7577,17091,0.22283052962850294,0.138138481472757
2024-01-01 20:30:00,51707,57180,8660,11634,0.18632767914215587,0.22097987527550947
2024-01-01 20:35:00,46016,23883,6068,6931,0.13662046580915072,0.2013600665865793
2024-01-01 20:40:00,54600,64152,10591,12308,0.21606896821031168,0.17318869242929089
2024-01-01 20:45:00,68285,30051,19706,8939,0.17159543716923947,0.15302274938242316
2024-01-01 20:50:00,43984,60984,10974,6126,0.15418015219217912,0.23176474185529022
2024-01-01 20:55:00,25167,31695,19987,16489,0.16881482086269362,0.2110244737082269
2024-01-01 21:00:00,20432,43123,15928,11021,0.1847083532688965,0.19120618823098778
2024-01-01 21:05:00,24151,78481,9829,17862,0.16460501713421122,0.1992439094068003
2024-01-01 21:10:00,67680,27902,6950,11437,0.1514477504369285,0.13183860367068354
2024-01-01 21:15:00,26411,65955,13283,12039,0.17180526374451743,0.18160956891845495
2024-01-01 21:20:00,50788,37573,8093,18617,0.12249247839748677,0.14518103806214125
2024-01-01 21:25:00,70903,76308,15411,10373,0.2204247199925208,0.1470898782711473
2024-01-01 21:30:00,46623,49374,18915,6203,0.14222283616378614,0.20596951509729267
2024-01-01 21:35:00,74149,76494,10311,9135,0.12570759977198284,0.23846329973845745
2024-01-01 21:40:00,42104,32288,18388,16964,0.2049808300776603,0.17248835936218504
2024-01-01 21:45:00,76768,66978,18592,13711,0.2206116967470774,0.14700740549158475
2024-01-01 21:50:00,20256,26884,6387,18927,0.2257977871070696,0.20433710184076503
2024-01-01 21:55:00,53439,72309,9274,12904,0.184156193745878,0.2332543160255413
2024-01-01 22:00:00,53257,30559,7285,19881,0.1466978640096981,0.21728144414592382
2024-01-01 22:05:00,59657,74672,8206,7283,0.2158395980424775,0.23293843996975633
2024-01-01 22:10:00,64674,38125,7924,9558,0.21096270003006384,0.1897521072314039
2024-01-01 22:15:00,71248,23688,12045,10347,0.15201519543341252,0.21774391176799482
2024-01-01 22:20:00,38066,43869,13471,12867,0.23744300826216308,0.13820839271666174
2024-01-01 22:25:00,65371,66882,18330,10944,0.13356828955076777,0.1652756999972149
2024-01-01 22:30:00,52746,58137,6618,13674,0.24774947114687235,0.17064139138259793
2024-01-01 22:35:00,22460,74796,15979,7477,0.2318322154270704,0.1864684470119845
2024-01-01 22:40:00,57297,64706,13562,8093,0.2094268239122798,0.2407799268333871
2024-01-01 22:45:00,74273,78241,10896,13534,0.24203748547637827,0.23365855282888265
2024-01-01 22:50:00,54743,24023,16375,12207,0.213900451882082,0.13748831399759398
2024-01-01 22:55:00,23216,68750,17026,18484,0.14475940961390596,0.14246265474472022
2024-01-01 23:00:00,34267,37100,12843,14654,0.17748029795466552,0.16649327144655846
2024-01-01 23:05:00,29581,56735,14895,14394,0.1292953931631126,0.1577967025657876
2024-01-01 23:10:00,24515,27423,15460,14813,0.170655464897455,0.1999202239103141
2024-01-01 23:15:00,42076,59218,12063,19468,0.2164083925658371,0.23736088620939083
2024-01-01 23:20:00,64816,32213,13495,15590,0.17023763562100624,0.2450979004174363
2024-01-01 23:25:00,29776,55983,16966,16788,0.16293824281085745,0.20496838382957944
2024-01-01 23:30:00,74091,76977,6348,19841,0.19739624392634053,0.22896069618214127
2024-01-01 23:35:00,41947,53158,10556,11227,0.23338658876985635,0.18827628603000363
2024-01-01 23:40:00,22963,48460,19773,18280,0.1261858150309946,0.14708250309180515
2024-01-01 23:45:00,73681,79043,10289,8535,0.1701111565109656,0.18820949357215205
2024-01-01 23:50:00,26786,72189,7422,16069,0.14057129643598415,0.19216073818689464
2024-01-01 23:55:00,33866,51017,8628,12004,0.21039605259514305,0.21651948334776236
2024-01-02 00:00:00,58968,53000,7428,15582,0.13374419285604752,0.14858478866195537
2024-01-02 00:05:00,52305,46502,8033,16543,0.20642500861543178,0.16788034967127513
2024-01-02 00:10:00,37360,50990,11157,7913,0.15720351320372794,0.16732357099789363
2024-01-02 00:15:00,60113,39515,13860,14381,0.1458591857858392,0.24472714744635143
2024-01-02 00:20:00,52813,49991,13691,7340,0.2417258325172481,0.17771284484247346
2024-01-02 00:25:00,21193,27634,12813,16772,0.12240819497697426,0.21816221574875905
2024-01-02 00:30:00,24512,31498,6414,14795,0.17691104534564395,0.21760547957867707
2024-01-02 00:35:00,74095,30916,18860,16489,0.12281150902003318,0.15452074402442137
2024-01-02 00:40:00,42666,49377,11708,10289,0.1828670962535628,0.19434305961832515
2024-01-02 00:45:00,36630,53001,13721,5597,0.18513615911327436,0.23625937613142425
2024-01-02 00:50:00,72371,21391,19294,13836,0.16181612128131712,0.18177570352940342
2024-01-02 00:55:00,28983,63852,11635,17735,0.13718103107825308,0.242865275954531
2024-01-02 01:00:00,20636,62215,8621,12145,0.1689303799054818,0.147879569812141
2024-01-02 01:05:00,23775,34184,16648,7902,0.20739418219123357,0.129640683750624
2024-01-02 01:10:00,22421,47114,10315,11645,0.22171145512377968,0.23588900350881742
2024-01-02 01:15:00,33025,31882,5754,13955,0.1889975783104585,0.23019855573508816
2024-01-02 01:20:00,29280,67606,7347,12694,0.19667847127716823,0.24903668387139982
2024-01-02 01:25:00,56951,37273,18102,9830,0.14608012824620484,0.20832115345461538
2024-01-02 01:30:00,31351,60670,19882,12546,0.15735294331959443,0.24176943046672944
2024-01-02 01:35:00,69864,65647,5726,12368,0.14104642930680658,0.2275033732609344
2024-01-02 01:40:00,74997,37129,18018,14834,0.15240839550059948,0.2297754233056113
2024-01-02 01:45:00,58091,62679,9923,15489,0.14923528142931913,0.19398840415905488
2024-01-02 01:50:00,75184,20427,7649,17888,0.1875283422308609,0.1697073977291724
2024-01-02 01:55:00,65656,51416,18619,15364,0.19314953825279482,0.24149254943062665
2024-01-02 02:00:00,50171,20731,15238,7160,0.24284316470679557,0.17617523283006628
2024-01-02 02:05:00,23644,20799,7815,18268,0.145424184123198,0.19004651774245696
2024-01-02 02:10:00,36142,75659,14066,10878,0.20341784232099447,0.1779948599262744
2024-01-02 02:15:00,27773,48873,8279,12663,0.22624370496837798,0.1934263808148256
2024-01-02 02:20:00,48466,27025,7984,8749,0.19283139029179683,0.18116566026900255
2024-01-02 02:25:00,30778,34481,15370,19485,0.15315047482513983,0.12623578261533186
2024-01-02 02:30:00,32501,45411,8807,7922,0.15413152990260004,0.23466626418100084
2024-01-02 02:35:00,67177,51358,12876,11486,0.12510289689923,0.17777119645905007
2024-01-02 02:40:00,22108,60392,11099,13112,0.15970774945130262,0.1965626743059553
2024-01-02 02:45:00,49369,77478,18965,13771,0.2167984782704394,0.1380944143585383
2024-01-02 02:50:00,56382,34961,5607,8804,0.12617730843692435,0.12044042023774308
2024-01-02 02:55:00,45818,41767,11169,9878,0.148508386725628,0.15188771217367358
2024-01-02 03:00:00,30251,75359,12790,7368,0.21181022480913164,0.21159618417733553
2024-01-02 03:05:00,43341,71690,10573,13093,0.22174470316697398,0.13289528891467423
2024-01-02 03:10:00,31678,72870,5634,8932,0.1791913933080507,0.23815536725024083
2024-01-02 03:15:00,34367,61000,18497,17819,0.21074966400222434,0.147952934016304
2024-01-02 03:20:00,74431,56135,17771,16552,0.17043378192513597,0.14659716985793086
2024-01-02 03:25:00,49672,41392,15919,10608,0.14078872185313657,0.1435960350107944
2024-01-02 03:30:00,24332,33262,6074,11635,0.17175943415797784,0.12181762268627741
2024-01-02 03:35:00,32002,25229,6914,17899,0.19539581662640856,0.2203347109021705
2024-01-02 03:40:00,40284,43772,19340,11395,0.24324692664087574,0.23375448906188362
2024-01-02 03:45:00,79949,38799,5588,11101,0.12893762377152804,0.19984115134010585
2024-01-02 03:50:00,35700,66515,8231,14292,0.1859612321998449,0.14446599761838208
2024-01-02 03:55:00,33769,43555,11351,14862,0.16275957116739417,0.15708613960231438
2024-01-02 04:00:00,49318,46616,15496,18703,0.18608052025597027,0.18187047065744522
2024-01-02 04:05:00,44323,39333,18516,10531,0.12311680815894911,0.2440649737110291
2024-01-02 04:10:00,47610,24261,8838,15412,0.16069329611120559,0.15215567833630655
2024-01-02 04:15:00,26963,74297,6973,9970,0.22658285917851065,0.21511396750958545
2024-01-02 04:20:00,73720,23466,19346,11344,0.19201242540110286,0.17712826902807965
2024-01-02 04:25:00,27838,66553,10044,13408,0.17857572406609526,0.15872015528680283
2024-01-02 04:30:00,65167,23088,15247,5375,0.15711825932299414,0.17926907181287477
2024-01-02 04:35:00,32243,65783,16672,12887,0.15874552796287628,0.12925687328036023
2024-01-02 04:40:00,47939,21115,15271,6609,0.169803186366776,0.22382935822094713
2024-01-02 04:45:00,21845,24578,11103,17298,0.22862419229539285,0.1516292506377857
2024-01-02 04:50:00,66710,22590,11683,17031,0.2457377168850749,0.21430357601508615
2024-01-02 04:55:00,36766,27372,10837,7939,0.1770251995755487,0.12888528828826532
2024-01-02 05:00:00,56880,23573,16244,9062,0.17113586903720904,0.2441628123015392
2024-01-02 05:05:00,32780,22978,17674,6613,0.23005160085658216,0.14509194810274081
2024-01-02 05:10:00,68458,63407,14443,11578,0.17549769168271948,0.23475646990692045
2024-01-02 05:15:00,76221,29422,11783,12851,0.19176236239843464,0.22523151725000648
2024-01-02 05:20:00,72962,63626,19078,8679,0.15002241639783678,0.24582179013058408
2024-01-02 05:25:00,62856,43697,10594,18105,0.21665532965127976,0.18212578592294745
2024-01-02 05:30:00,21509,76174,16987,12540,0.18915848137520164,0.2145616481999737
2024-01-02 05:35:00,43957,50820,8822,14488,0.22517449153124441,0.16819238541491194
2024-01-02 05:40:00,65172,57743,17494,12074,0.22149525490372707,0.1439678709425602
2024-01-02 05:45:00,54346,24925,8389,8996,0.14795061987510372,0.17759987128134835
2024-01-02 05:50:00,37263,77199,10914,9786,0.21303262157250913,0.14154737200049913
2024-01-02 05:55:00,71314,77242,6780,10695,0.22400707303367828,0.2476658009622299
2024-01-02 06:00:00,66874,49430,15796,18820,0.16499394130171136,0.13251204384829313
2024-01-02 06:05:00,46148,48834,8688,14347,0.1424391846772957,0.19659752404884065
2024-01-02 06:10:00,51533,44435,19683,11998,0.12034218022534646,0.20144030118302725
2024-01-02 06:15:00,62608,41676,18080,19235,0.17861747490210927,0.18995034057362703
2024-01-02 06:20:00,76866,75797,19569,18071,0.1658162551000494,0.20608416514253836
2024-01-02 06:25:00,32931,63554,14916,7366,0.19213827839730316,0.1351035007515458
2024-01-02 06:30:00,21359,74555,12211,16083,0.14444534203654213,0.19215240814668783
2024-01-02 06:35:00,73583,39814,18293,15164,0.23175652119664178,0.157337634246557
2024-01-02 06:40:00,44532,34716,15976,19164,0.15350817803165426,0.24222288822913735
2024-01-02 06:45:00,40344,47528,10037,11764,0.1494358486613945,0.21906931494716436
2024-01-02 06:50:00,72963,21995,18453,13976,0.18249282734296626,0.24642688268076654
2024-01-02 06:55:00,24242,42414,16911,17684,0.18485063308675564,0.12488228906622463
2024-01-02 07:00:00,40601,33844,11319,14273,0.14796107974206207,0.15706731277349212
2024-01-02 07:05:00,69232,56659,14869,18791,0.15534189447436905,0.14540493626298537
2024-01-02 07:10:00,39116,35522,13640,15225,0.14206168109018183,0.12145009635053797
2024-01-02 07:15:00,76985,59913,17879,6614,0.21339982318201167,0.15150234493202178
2024-01-02 07:20:00,55477,28498,5081,9555,0.22011157406303064,0.20824087785765577
2024-01-02 07:25:00,71574,62322,11278,19396,0.18010270466970674,0.1500415598774939
2024-01-02 07:30:00,72793,22102,11999,7416,0.21283131294905228,0.18617044791274037
2024-01-02 07:35:00,50782,55798,6406,12288,0.2156716009518679,0.23541635494544982
2024-01-02 07:40:00,65559,28524,12410,11862,0.1379758185981151,0.21018852964537976
2024-01-02 07:45:00,69819,50846,6480,17833,0.24560314322848978,0.17130177908778416
2024-01-02 07:50:00,38880,28107,19775,8653,0.22673415312253603,0.16842096205857407
2024-01-02 07:55:00,23499,69394,14271,11639,0.14658284995545706,0.17924565582110302
2024-01-02 08:00:00,51587,38268,8598,5496,0.14420145464698914,0.14301538733778782
2024-01-02 08:05:00,64458,67703,12993,5504,0.13633594892534576,0.20242009976407843
2024-01-02 08:10:00,46020,44399,17706,12699,0.13798921313044937,0.16733986648359872
2024-01-02 08:15:00,78689,29624,9183,16578,0.2172610338737305,0.23080749540406567
2024-01-02 08:20:00,28080,47126,8680,18380,0.18105505340371106,0.2183518458075161
2024-01-02 08:25:00,43207,43131,15895,15400,0.22178144245618275,0.1993667113319808
2024-01-02 08:30:00,53957,77646,12644,10733,0.2170131362655267,0.1673462889444371
2024-01-02 08:35:00,33908,68591,9310,13055,0.1985996527556788,0.14729113811755296
2024-01-02 08:40:00,50652,40714,16948,18005,0.20922765885522834,0.22089974233373097
2024-01-02 08:45:00,50344,60631,6758,8216,0.12238624416928842,0.18323318286884124
2024-01-02 08:50:00,75756,55877,7599,10688,0.16053109408465285,0.14921750496305647
2024-01-02 08:55:00,45034,38570,10616,16858,0.20291688330372332,0.1453726999552008
2024-01-02 09:00:00,45788,32482,10813,14600,0.12121484395321175,0.14150211758517667
2024-01-02 09:05:00,32751,54318,15742,9364,0.12428700267873714,0.22103095550672736
2024-01-02 09:10:00,78255,79136,8853,17269,0.2307454377211498,0.14976833408904053
2024-01-02 09:15:00,67482,53414,15938,11042,0.20892323201996932,0.1884634942582757
2024-01-02 09:20:00,53793,75296,7292,6477,0.1544980653056447,0.17870102692649734
2024-01-02 09:25:00,76937,41040,6501,18829,0.20943516921543218,0.1953494168996769
2024-01-02 09:30:00,79755,33407,17596,9960,0.2230193669881042,0.23403013704825526
2024-01-02 09:35:00,52839,78056,13422,7397,0.15988325680431315,0.23280716071062496
2024-01-02 09:40:00,58314,65468,12550,13301,0.12468485907489436,0.17863988933723174
2024-01-02 09:45:00,55453,53305,9250,16746,0.24126128620940548,0.12199761259551403
2024-01-02 09:50:00,29385,34166,14390,19742,0.16487337897843196,0.17543769474285942
2024-01-02 09:55:00,76524,26572,11991,13841,0.13384262922701182,0.19880515986513825
2024-01-02 10:00:00,38232,53002,5114,11194,0.18394139328110914,0.192509418682748
2024-01-02 10:05:00,63344,46972,14605,12570,0.21990081343633738,0.20467369375402672
2024-01-02 10:10:00,54790,66835,9406,12730,0.1488141509002827,0.14002984522150086
2024-01-02 10:15:00,35831,62464,14184,6499,0.15503370651733722,0.20404956284149522
2024-01-02 10:20:00,75490,66918,7347,18398,0.15155294828381582,0.14374471043669038
2024-01-02 10:25:00,40125,42923,6041,12235,0.24891749686811815,0.21756811749057736
2024-01-02 10:30:00,65708,70526,11927,5595,0.14566248538497054,0.1640813897241484
2024-01-02 10:35:00,37682,21909,5011,5978,0.19481762820559612,0.21228640633958895
2024-01-02 10:40:00,56870,78259,18715,5730,0.24028440341540536,0.12622252785779392
2024-01-02 10:45:00,37288,64918,12980,5056,0.1390965539541113,0.17302180332681874
2024-01-02 10:50:00,55794,76370,12871,7243,0.24621104572280103,0.21165448789423325
2024-01-02 10:55:00,79372,52848,11375,10879,0.2431720404714312,0.14949316712309424
2024-01-02 11:00:00,59477,22083,12098,6701,0.23499435831757415,0.22338731582363894
2024-01-02 11:05:00,73863,66146,8676,12229,0.14789234777290028,0.20200136530364116
2024-01-02 11:10:00,44405,67985,11109,6286,0.20242715728142785,0.1963830303794738
2024-01-02 11:15:00,58737,70842,18017,13303,0.2189158914849612,0.16596135104656382
2024-01-02 11:20:00,22620,37140,10397,17998,0.24818363066553586,0.18271869114954528
2024-01-02 11:25:00,55414,22670,18664,14393,0.14345509687057814,0.1976554091271209
2024-01-02 11:30:00,57633,56519,8065,5947,0.21958336693750852,0.18142007480893577
2024-01-02 11:35:00,76497,64512,7036,9121,0.1640441520905247,0.21078073211227283
2024-01-02 11:40:00,55057,77811,8046,11553,0.1428314405238403,0.17638060130390473
2024-01-02 11:45:00,60138,58029,15542,5757,0.17477900235780114,0.14629551362646395
2024-01-02 11:50:00,33854,34691,5540,19866,0.22319866857932014,0.14781139176413613
2024-01-02 11:55:00,73024,59620,19805,19088,0.18043047448152677,0.12075448994958234
2024-01-02 12:00:00,29677,54262,16052,16580,0.1898780030263963,0.15912450302262743
2024-01-02 12:05:00,64111,74892,5076,10651,0.24937072332601576,0.21735929326220754
2024-01-02 12:10:00,44074,45595,8067,12273,0.17188420894246537,0.22324115214888923
2024-01-02 12:15:00,37824,77207,5023,15033,0.20000209811220118,0.1463207804724475
2024-01-02 12:20:00,20765,70053,10134,8535,0.16748174620999834,0.244675719593283
2024-01-02 12:25:00,65439,53440,5675,7293,0.17106213402273163,0.18531236315241648
2024-01-02 12:30:00,79782,28630,11668,6104,0.21043329794790305,0.23920723737240535
2024-01-02 12:35:00,51615,51250,15586,13853,0.24192530689233485,0.21187948664201206
2024-01-02 12:40:00,68926,48798,9267,5908,0.19050666356400178,0.2139163449929137
2024-01-02 12:45:00,56860,63036,10988,11539,0.21989199076334137,0.13105567076978925
2024-01-02 12:50:00,32975,53212,16590,9617,0.1315968526462053,0.148598846496601
2024-01-02 12:55:00,29341,61925,15951,15048,0.1474505448661505,0.12114592832828144
2024-01-02 13:00:00,48141,31982,12652,19047,0.18527711331953922,0.2130965932619759
2024-01-02 13:05:00,32334,28655,13680,12069,0.12260152407174071,0.1647769774957063
2024-01-02 13:10:00,68845,38582,6485,7311,0.15287114723913264,0.22226482708992507
2024-01-02 13:15:00,35835,55055,19713,5789,0.1872621676772456,0.1640617085918134
2024-01-02 13:20:00,46548,64725,8659,18585,0.12194495577331908,0.22651338779885194
2024-01-02 13:25:00,55434,24008,16427,19017,0.15439101720938542,0.13699077298728068
2024-01-02 13:30:00,45039,64464,7419,5171,0.18682400653186304,0.14253851037847606
2024-01-02 13:35:00,52530,61872,12740,17552,0.19450940223756194,0.16431395014591174
2024-01-02 13:40:00,58736,20496,12143,15178,0.24034772009718972,0.17310336055469552
2024-01-02 13:45:00,60409,54231,8495,12989,0.20389493102257902,0.16533136540958718
2024-01-02 13:50:00,38565,43212,5756,18337,0.1739156543288992,0.21927411422801857
2024-01-02 13:55:00,29834,40637,15716,18780,0.2409456530272988,0.1326036810414729
2024-01-02 14:00:00,56656,65227,19717,6885,0.22203478784041325,0.16565821255300345
2024-01-02 14:05:00,20840,36877,17442,13667,0.1460011597446572,0.22884119993700971
2024-01-02 14:10:00,33873,74217,13448,19691,0.13700950697534656,0.12868362004408235
2024-01-02 14:15:00,51568,74582,6779,6049,0.20785551264655527,0.24250465599727647
2024-01-02 14:20:00,30846,37810,17961,9129,0.1927848115250079,0.24822118949536168
2024-01-02 14:25:00,25899,29884,15307,15503,0.22265756979305823,0.13151386259726042
2024-01-02 14:30:00,40502,70945,11487,6161,0.21604465651022925,0.1578654278932458
2024-01-02 14:35:00,20565,22723,16540,5815,0.20127749940147693,0.1684120865845963
2024-01-02 14:40:00,58773,69810,17960,8766,0.248229682311756,0.22093087792485439
2024-01-02 14:45:00,61924,24761,19726,16114,0.1893666649143531,0.19747048557517538
2024-01-02 14:50:00,63242,27630,14664,13945,0.13470374834522358,0.20376754106403377
2024-01-02 14:55:00,29187,36375,5258,9661,0.22767556342607848,0.21847627696640576
2024-01-02 15:00:00,27226,61509,9075,13653,0.15274093710494216,0.13533726992681333
2024-01-02 15:05:00,62147,45218,13498,8239,0.22104927925870937,0.2283172293983341
2024-01-02 15:10:00,58658,50565,13014,18942,0.24442392248000666,0.2117305745434187
2024-01-02 15:15:00,65881,57118,6118,15894,0.21058341681536435,0.19505442427552813
2024-01-02 15:20:00,24311,52975,12631,13272,0.19748392092347414,0.23566559352179736
2024-01-02 15:25:00,64214,47073,8017,7804,0.17985020283775527,0.21103982600489493
2024-01-02 15:30:00,76888,24190,9341,19225,0.16737328257940243,0.1462209951420333
2024-01-02 15:35:00,61616,21883,15972,13031,0.16589061762633872,0.17586689953983667
2024-01-02 15:40:00,72134,22886,6658,5869,0.2027284517422468,0.18422557270164533
2024-01-02 15:45:00,45689,69629,13378,10526,0.21766550520190697,0.12717829147755272
2024-01-02 15:50:00,26083,28953,6797,12741,0.20820721903297387,0.24410287673680725
2024-01-02 15:55:00,32598,28381,14116,18357,0.14579331315516314,0.1367150439035942
2024-01-02 16:00:00,36940,43238,5784,9694,0.18421833341865385,0.2106699647394745
2024-01-02 16:05:00,72171,33795,16636,18922,0.2229132093837982,0.18581003469181442
2024-01-02 16:10:00,46880,50428,10691,13998,0.18184153016457733,0.12333219248497493
2024-01-02 16:15:00,22580,69907,19743,6934,0.1897610263656142,0.24021717186236702
2024-01-02 16:20:00,77298,29638,8196,10172,0.22024768626220687,0.23073878514646132
2024-01-02 16:25:00,66612,24931,14552,5703,0.2059644898144619,0.18815353062749862
2024-01-02 16:30:00,77395,62623,13532,7523,0.17321483971471102,0.14976250369812788
2024-01-02 16:35:00,62321,58492,5562,7639,0.23640365245524847,0.13581097578841225
2024-01-02 16:40:00,29386,46411,9746,11159,0.1411337189262522,0.16724102232617646
2024-01-02 16:45:00,73171,65188,7999,17774,0.24941713831674223,0.15320567653599176
2024-01-02 16:50:00,39522,40534,6193,8909,0.13545083520191084,0.18586985613081883
2024-01-02 16:55:00,46224,56828,16302,17993,0.12194349624355105,0.24563320849604575
2024-01-02 17:00:00,34635,49181,5068,18813,0.2357024571493394,0.19474395411985337
2024-01-02 17:05:00,20671,57533,10679,6164,0.15184395608757428,0.23569103726571272
2024-01-02 17:10:00,53545,39996,7428,5619,0.21486095156807372,0.20461424887445104
2024-01-02 17:15:00,74079,26553,11200,12982,0.225431998741169,0.18178204845633605
2024-01-02 17:20:00,46855,60146,10396,8066,0.2316682308341752,0.23109898315533828
2024-01-02 17:25:00,55790,38073,11993,9872,0.24890725063634167,0.18127785432248966
2024-01-02 17:30:00,71012,70468,18410,13638,0.15822516230519987,0.2329216621663469
2024-01-02 17:35:00,72291,27130,18203,7337,0.2123316344505437,0.15790498004484949
2024-01-02 17:40:00,66585,49405,8598,13400,0.13500198157650767,0.13674569958918845
2024-01-02 17:45:00,34260,55954,15564,10594,0.17288520787639042,0.231190880367182
2024-01-02 17:50:00,21074,25789,17748,7460,0.23023632013063675,0.19636397129304667
2024-01-02 17:55:00,62676,48930,19514,11820,0.1677955459876841,0.23558201177236482
2024-01-02 18:00:00,29475,68890,14035,10546,0.19684239946962984,0.2419175369090098
2024-01-02 18:05:00,32878,37529,5573,19165,0.18549054768420242,0.1269716907482884
2024-01-02 18:10:00,35120,73546,9214,8442,0.20397369904456586,0.1851260092416529
2024-01-02 18:15:00,43147,27942,12636,7711,0.24647627062040034,0.1687453913796888
2024-01-02 18:20:00,21986,27548,15788,15529,0.12724561844518228,0.2013615916191152
2024-01-02 18:25:00,63593,69712,17933,6291,0.19461499727521187,0.22316685563630206
2024-01-02 18:30:00,52430,38296,6478,15390,0.232193741302537,0.15647672807666796
2024-01-02 18:35:00,61961,71016,15265,19030,0.18257975252729558,0.1923837899685123
2024-01-02 18:40:00,75479,52244,14705,10374,0.13020853417240447,0.21213471538763695
2024-01-02 18:45:00,37430,20296,11127,14592,0.19287011581418023,0.13747604076864542
2024-01-02 18:50:00,22176,22409,18319,18964,0.16316960580709666,0.2258286977736647
2024-01-02 18:55:00,38722,79980,14160,18142,0.14014243209393165,0.19879424798088652
2024-01-02 19:00:00,62815,76782,19298,18669,0.23037448672685149,0.24343986682477475
2024-01-02 19:05:00,69652,54229,18827,7655,0.18780793668884582,0.16413875948699014
2024-01-02 19:10:00,38617,50846,11676,17204,0.24132593360927868,0.13405897250383583
2024-01-02 19:15:00,47115,73444,7196,11513,0.22478214559839899,0.1858451561348003
2024-01-02 19:20:00,57376,55036,14703,12394,0.21008633319057674,0.13115540032222706
2024-01-02 19:25:00,31906,70146,18336,5704,0.12065331543749054,0.24603844803212088
2024-01-02 19:30:00,60002,59322,13166,5825,0.17561704936297248,0.1250290445734349
2024-01-02 19:35:00,77124,69159,13846,14196,0.1456732166147642,0.21795550714395004
2024-01-02 19:40:00,26610,47167,11050,16652,0.23840372843635282,0.1882633117584917
2024-01-02 19:45:00,63292,71667,16184,5376,0.14269591800792683,0.1679206848247775
2024-01-02 19:50:00,69752,48991,9650,5972,0.15718780671570712,0.1285594813861251
2024-01-02 19:55:00,33411,37801,17712,9213,0.18718877980548487,0.200881700142569
2024-01-02 20:00:00,73436,71468,13484,16268,0.1542372704697503,0.19607864282082418
2024-01-02 20:05:00,29180,27358,18496,5443,0.14728240804628576,0.15651482549878798
2024-01-02 20:10:00,67993,73084,15793,12519,0.1978829122633578,0.2383288211833406
2024-01-02 20:15:00,30073,42588,9526,5754,0.1315608379581531,0.15953430095456878
2024-01-02 20:20:00,57251,37671,19939,16796,0.12756180863372021,0.1784643033769738
2024-01-02 20:25:00,50960,37502,9412,9735,0.16839188837418928,0.19068911926942522
2024-01-02 20:30:00,25901,45128,17685,15363,0.21368637908602212,0.1330301441629172
2024-01-02 20:35:00,58897,51645,10443,15897,0.19212487857561322,0.2411810234977722
2024-01-02 20:40:00,70906,27637,14780,10396,0.17497394090068125,0.16868969981863535
2024-01-02 20:45:00,71616,20660,13787,8465,0.19354770334919572,0.13050129780366468
2024-01-02 20:50:00,63183,61675,7593,7711,0.16750869300492557,0.1703478525777929
2024-01-02 20:55:00,24482,26922,15315,7407,0.24169902360617468,0.1980263311220355
2024-01-02 21:00:00,62454,48161,15135,13814,0.12713763581840065,0.18677484733677285
2024-01-02 21:05:00,45428,64721,14107,10588,0.20754089227387856,0.21029045662484563
2024-01-02 21:10:00,27400,77256,11852,11104,0.23586674642760758,0.12721291246882838
2024-01-02 21:15:00,59574,75489,11629,10747,0.22450501213558294,0.1569902793353673
2024-01-02 21:20:00,77795,71681,8869,6723,0.14392533452678807,0.2264999749892133
2024-01-02 21:25:00,63284,23970,15986,12224,0.1584704253674375,0.13038617941287692
2024-01-02 21:30:00,27396,23407,18543,16514,0.2132162320319236,0.23121317411047448
2024-01-02 21:35:00,27338,78802,16270,6919,0.13095517269349952,0.1319464919700238
2024-01-02 21:40:00,62718,47843,12971,5918,0.22554202097823592,0.2284790479359205
2024-01-02 21:45:00,32500,29046,19885,18461,0.21345790279862276,0.16690249214023445
2024-01-02 21:50:00,31545,43800,14167,19787,0.21484886440059453,0.19958717822343805
2024-01-02 21:55:00,25241,34547,14267,18473,0.13303137813478688,0.13987532503423977
2024-01-02 22:00:00,43778,57528,12822,9215,0.21330887082611,0.1286019338242735
2024-01-02 22:05:00,42821,51389,7989,5581,0.20837635627859608,0.14807196652261756
2024-01-02 22:10:00,24695,71049,12062,19235,0.22801992380684055,0.1366209963281304
2024-01-02 22:15:00,31530,50346,16659,19434,0.12540747431334104,0.16061276669835212
2024-01-02 22:20:00,67080,42748,10340,18478,0.12300438690081299,0.18686982204643263
2024-01-02 22:25:00,71740,77616,14643,8881,0.1684909229842129,0.19653873026345126
2024-01-02 22:30:00,34318,66233,8823,14878,0.13934247690038987,0.22268285395936657
2024-01-02 22:35:00,70934,56855,18454,8909,0.19258998208412886,0.2053111861222866
2024-01-02 22:40:00,42331,45848,8932,6999,0.23925535719587737,0.1991385822668419
2024-01-02 22:45:00,75746,73526,15220,19849,0.17089236494342203,0.1735316635731507
2024-01-02 22:50:00,72672,27607,13554,15903,0.22984354904543852,0.18159509654481804
2024-01-02 22:55:00,46355,56787,7429,5400,0.12003131368732264,0.17388770782072355
2024-01-02 23:00:00,31324,53583,16824,19700,0.14190690364969394,0.2294815839079798
2024-01-02 23:05:00,48149,32563,12444,8648,0.12395506015503113,0.14990005883129198
2024-01-02 23:10:00,23218,66060,15510,10445,0.16265913346695893,0.12074372110045539
2024-01-02 23:15:00,40141,76407,16277,7628,0.23806464744054537,0.2046715866394111
2024-01-02 23:20:00,56784,68926,15537,6656,0.1326037760678684,0.14632008387304807
2024-01-02 23:25:00,22837,53690,12147,5620,0.19883327097669407,0.23571496772027523
2024-01-02 23:30:00,79725,65697,12631,5246,0.17869447208552774,0.23167602286186528
2024-01-02 23:35:00,75152,49176,8598,19769,0.24200086760755563,0.12997455835066676
2024-01-02 23:40:00,69080,34925,9329,10212,0.1359274885298222,0.13383049270383005
2024-01-02 23:45:00,59802,41251,11718,8339,0.14756362056528977,0.1843723069920666
2024-01-02 23:50:00,60077,37648,14923,11758,0.12384045591949412,0.1991989461600161
2024-01-02 23:55:00,34379,40108,13218,12086,0.17641158245207858,0.15573808387269128
2024-01-03 00:00:00,24239,30979,18782,8010,0.15611827694340505,0.21318370317091817
2024-01-03 00:05:00,64896,22722,5092,9719,0.23308777140574172,0.1973390827194533
2024-01-03 00:10:00,40812,25355,15856,7368,0.19864230571570815,0.1622271342673121
2024-01-03 00:15:00,49669,66069,13500,17186,0.19983179593684122,0.12329829344550103
2024-01-03 00:20:00,68624,48799,5051,6839,0.1891483905945693,0.2175195365688073
2024-01-03 00:25:00,29611,55318,5318,7903,0.13194054383979611,0.14791797655726074
2024-01-03 00:30:00,24150,74471,15184,11205,0.17785242888429617,0.22848158665014168
2024-01-03 00:35:00,78674,52705,17468,9395,0.24993567466210714,0.17463773380705316
2024-01-03 00:40:00,31109,63909,10688,17690,0.22857980780998194,0.1950200675421295
2024-01-03 00:45:00,54214,43070,17083,10767,0.23614967704172507,0.23348333495317025
2024-01-03 00:50:00,46016,70825,12018,8691,0.22701942670204495,0.23227099011959396
2024-01-03 00:55:00,31936,73739,12210,12470,0.13339542014602773,0.16829754478166453
2024-01-03 01:00:00,31036,31284,17934,8841,0.14956827302842396,0.1471555560529296
2024-01-03 01:05:00,59236,41737,8956,9348,0.12040581467633325,0.2207689901047173
2024-01-03 01:10:00,34021,43241,11057,19045,0.1594563162341545,0.17630042646827704
2024-01-03 01:15:00,74942,47414,18571,11621,0.13411896230504403,0.14496545916267053
2024-01-03 01:20:00,56943,70818,19532,6392,0.1814631348892058,0.23757529450122952
2024-01-03 01:25:00,68158,40895,15884,16942,0.20802657351460724,0.14575354525134135
2024-01-03 01:30:00,57848,46771,16210,11060,0.23368568835495002,0.12335493186486003
2024-01-03 01:35:00,35471,75324,19590,9255,0.21739823146181675,0.12263639658976459
2024-01-03 01:40:00,67661,21384,15216,16200,0.24201612745120568,0.20090099633905434
2024-01-03 01:45:00,70016,73555,11875,9300,0.12700677775119254,0.20601775789327895
2024-01-03 01:50:00,43244,73106,9431,8338,0.12158337860415039,0.1604354216574079
2024-01-03 01:55:00,68777,42689,18864,18449,0.20597395479870764,0.16160142860211824
2024-01-03 02:00:00,77815,47475,6525,10487,0.15761581332889202,0.16413420895779257
2024-01-03 02:05:00,58985,28252,18277,8514,0.1529551320937505,0.20842061107865423
2024-01-03 02:10:00,58440,50844,12043,18145,0.16301532140019326,0.12755739283348771
2024-01-03 02:15:00,21502,50151,6278,5759,0.15507348752600733,0.24078512584987233
2024-01-03 02:20:00,73836,60006,13705,18878,0.18648673281920636,0.14892773574306803
2024-01-03 02:25:00,54178,43365,11125,15960,0.17721929813913723,0.24995751668147198
2024-01-03 02:30:00,23770,26026,12874,16280,0.18661571167896532,0.1422979501923343
2024-01-03 02:35:00,62865,52767,17529,15307,0.2074527694950567,0.22030103945060908
2024-01-03 02:40:00,73811,48523,19484,17420,0.17032696616624926,0.14904363084085126
2024-01-03 02:45:00,24001,75761,14925,14915,0.15266999932848038,0.130510084213623
2024-01-03 02:50:00,72635,30482,16562,16158,0.1416060697851369,0.23374133216558435
2024-01-03 02:55:00,40946,66569,11900,13621,0.1654316355392413,0.23163766369481595
2024-01-03 03:00:00,20598,68888,17113,15547,0.21643484178200237,0.17246415101844817
2024-01-03 03:05:00,50316,68348,19955,11793,0.21837163831449102,0.2113114985302555
2024-01-03 03:10:00,45567,61432,7500,18485,0.20669770026894735,0.1924185712489092
2024-01-03 03:15:00,46508,70110,8464,7459,0.1504236627898937,0.23088429477758735
2024-01-03 03:20:00,63744,45108,7259,17384,0.1964512119611107,0.16095727601142507
2024-01-03 03:25:00,72193,20493,17955,18994,0.19418965600499022,0.18807741199986808
2024-01-03 03:30:00,77312,76194,17881,10273,0.1829546057542643,0.18309840825659157
2024-01-03 03:35:00,59159,36465,19466,6718,0.19149726822990235,0.16600775741339163
2024-01-03 03:40:00,50276,59767,12496,14457,0.18393278224107684,0.23588915839232838
2024-01-03 03:45:00,43671,49550,7659,10423,0.19350932758963407,0.14156413020612962
2024-01-03 03:50:00,36450,33833,5255,6308,0.21301577410074674,0.1394361231376905
2024-01-03 03:55:00,34908,22970,6502,6050,0.13425166527244717,0.19499823959195767
2024-01-03 04:00:00,77275,52779,9656,16665,0.21745134777937308,0.20547424989804247
2024-01-03 04:05:00,64358,49958,15302,10479,0.13766519951658723,0.14530050306219347
2024-01-03 04:10:00,69047,76976,10430,7249,0.12866163979334871,0.17079326749310114
2024-01-03 04:15:00,55518,68319,13598,7809,0.2468903592087908,0.2430532995872367
2024-01-03 04:20:00,77813,37145,16041,7921,0.24440892995315738,0.1520602649497876
2024-01-03 04:25:00,51212,55953,8176,9676,0.12785675084227333,0.20688689127526122
2024-01-03 04:30:00,62684,69177,6860,9041,0.17762294739174508,0.21621942118068682
2024-01-03 04:35:00,26806,21806,11158,7417,0.14421184197897072,0.17825673093047073
2024-01-03 04:40:00,59197,75803,10806,5532,0.18309483662747433,0.24187837827874578
2024-01-03 04:45:00,60891,25664,9354,18463,0.22792304158994636,0.21576537557844278
2024-01-03 04:50:00,38015,48900,5722,18413,0.24357953071657573,0.17953019538191672
2024-01-03 04:55:00,59220,34126,12579,14090,0.20245284494869986,0.19401357623089222
2024-01-03 05:00:00,37158,65662,14474,13167,0.16600773673753622,0.2100397476452631
2024-01-03 05:05:00,35456,25154,5613,15846,0.1984323235337978,0.19698472345579837
2024-01-03 05:10:00,47588,42208,8331,6469,0.16056016979409854,0.23423068589738988
2024-01-03 05:15:00,42491,33767,10790,16112,0.23827707330816783,0.16639552609645214
2024-01-03 05:20:00,44188,40043,8116,14444,0.2331520602037588,0.15898514620725462
2024-01-03 05:25:00,47079,67994,15170,12292,0.19257012753635594,0.14779905563438436
2024-01-03 05:30:00,78830,21525,14004,13961,0.16222385899944686,0.12491178584839736
2024-01-03 05:35:00,24019,53528,14978,14025,0.15814065782578718,0.1255918153694072
2024-01-03 05:40:00,32419,36978,5330,12142,0.12434433931165773,0.23310717510420675
2024-01-03 05:45:00,53697,76344,7212,11000,0.22605671063328836,0.20819110903276794
2024-01-03 05:50:00,39396,66648,14408,12081,0.17854981769507103,0.20586921400674318
2024-01-03 05:55:00,74176,21055,18832,19571,0.1622672806920344,0.19990356646153518
2024-01-03 06:00:00,59032,30046,10493,15401,0.181244346149708,0.23039848881023361
2024-01-03 06:05:00,49892,55851,12232,9649,0.22643593875910475,0.18243470033653156
2024-01-03 06:10:00,27973,35678,17674,11931,0.13619984700197774,0.23315340771257903
2024-01-03 06:15:00,62465,64876,10614,8424,0.23149527847143755,0.1667278534036911
2024-01-03 06:20:00,41113,72827,10913,6091,0.23667614856408603,0.24047197556408179
2024-01-03 06:25:00,77113,46624,10913,14388,0.24307202895440547,0.21082540741056122
2024-01-03 06:30:00,31136,62418,19102,17106,0.17167343901494161,0.15343302768317554
2024-01-03 06:35:00,39203,58725,16529,14852,0.14822825252489735,0.19333103981952127
2024-01-03 06:40:00,51285,25255,15567,12849,0.1685733064006708,0.18929397299347323
2024-01-03 06:45:00,43039,29411,10611,9654,0.16327857251008243,0.1379268468249434
2024-01-03 06:50:00,21184,73380,14432,5260,0.1429000086253718,0.19686157774757984
2024-01-03 06:55:00,77632,69112,5319,15456,0.19894466711319342,0.16092213108320452
2024-01-03 07:00:00,42727,73333,13085,10936,0.18196114086612175,0.12680533968524832
2024-01-03 07:05:00,79155,62459,17686,18435,0.23254112900212048,0.24332530050185341
2024-01-03 07:10:00,36911,70982,15106,18092,0.12417424546266757,0.2033937479783574
2024-01-03 07:15:00,20916,56163,9200,14377,0.20370283058216643,0.23399946114321013
2024-01-03 07:20:00,79052,53971,9791,19536,0.21918335420650295,0.2078872806517229
2024-01-03 07:25:00,23574,51235,5329,15641,0.2187332539944799,0.16640787997821468
2024-01-03 07:30:00,56087,39194,13851,16725,0.23518961572241825,0.18664944940274547
2024-01-03 07:35:00,37790,39476,16880,9370,0.2147743865678342,0.20784707884513304
2024-01-03 07:40:00,37625,23044,16310,9301,0.2406153080142005,0.24483280227618687
2024-01-03 07:45:00,25206,75223,11742,12207,0.16324535797671588,0.15297702968582055
2024-01-03 07:50:00,76401,60040,9916,16536,0.1854172241777006,0.2337470176211353
2024-01-03 07:55:00,39517,41057,15164,10819,0.12183035622677578,0.24013011468825501
2024-01-03 08:00:00,69950,23514,19976,14058,0.12090448634942785,0.20715401690566435
2024-01-03 08:05:00,70675,29990,6793,5092,0.1512164606586976,0.24106466156217393
2024-01-03 08:10:00,76361,58960,11457,10161,0.13310493562808107,0.1717242163720579
2024-01-03 08:15:00,57696,63535,16410,12632,0.15382747783164796,0.24389210288525756
2024-01-03 08:20:00,36105,69296,13125,19714,0.14301562828869166,0.21136177403157674
2024-01-03 08:25:00,55656,27507,17749,16370,0.12370760322902427,0.12546074976444554
2024-01-03 08:30:00,22690,24857,10703,14543,0.2382095390327864,0.23789346813647685
2024-01-03 08:35:00,56859,32118,15725,11208,0.12106900708055589,0.18298146517431502
2024-01-03 08:40:00,76434,70529,18963,13556,0.2156906787638211,0.17984250802111826
2024-01-03 08:45:00,78585,23146,15649,9916,0.13977922529953715,0.19364065877735245
2024-01-03 08:50:00,66728,46401,11170,18795,0.238589850859948,0.13941999108025963
2024-01-03 08:55:00,75401,74176,16292,8718,0.23606347214668516,0.18099158631376183
2024-01-03 09:00:00,20690,69945,17558,11125,0.20500714902800343,0.22804653817330695
2024-01-03 09:05:00,45103,46177,15925,6924,0.20739043947407865,0.12201271968787698
2024-01-03 09:10:00,54263,58524,11644,8095,0.1206940884560595,0.15547923084216828
2024-01-03 09:15:00,31085,24414,12420,11683,0.24803330359476827,0.12031909623769975
2024-01-03 09:20:00,70044,37494,17672,10181,0.23411823846485585,0.17404247018948027
2024-01-03 09:25:00,77730,74824,9155,7538,0.23636380934491197,0.21468101636418552
2024-01-03 09:30:00,45825,40437,18418,14488,0.20570178981661336,0.2238403377849017
2024-01-03 09:35:00,30720,23937,13411,7276,0.16482230072508974,0.24287466894651086
2024-01-03 09:40:00,58641,56731,18752,18331,0.2361743243817625,0.19910559968620223
2024-01-03 09:45:00,57271,41326,16010,13194,0.157897200659655,0.1531014926648764
2024-01-03 09:50:00,31720,58665,15098,16684,0.19315250063448636,0.24013923338777088
2024-01-03 09:55:00,66732,28974,7611,14945,0.1329650264047047,0.22079104800444888
2024-01-03 10:00:00,20897,67145,10691,5910,0.23985423191725752,0.1946757027904088
2024-01-03 10:05:00,37094,37500,7593,5306,0.13830015951025773,0.21043322804346168
2024-01-03 10:10:00,56463,68824,5095,11575,0.14923658474495294,0.2401611261509658
2024-01-03 10:15:00,55454,21750,14180,9231,0.19255744055666796,0.21261122370147983
2024-01-03 10:20:00,43572,79920,14304,11028,0.2193320900276876,0.16788868598601542
2024-01-03 10:25:00,58546,24027,11041,17207,0.20051566977171886,0.21269366629758257
2024-01-03 10:30:00,76920,64296,15470,11658,0.1501774086640203,0.1252361611556004
2024-01-03 10:35:00,35150,25745,10063,11336,0.12012259552857374,0.17023402303797555
2024-01-03 10:40:00,74165,41448,19610,18896,0.2184295754399671,0.1728219941399253
2024-01-03 10:45:00,73664,62447,13437,14630,0.24807695236844218,0.1416889704747085
2024-01-03 10:50:00,36799,48451,15350,5872,0.22528870563979175,0.12300111247173012
2024-01-03 10:55:00,29663,48207,17521,6141,0.17982686036036,0.13733956076290657
2024-01-03 11:00:00,56948,25938,8349,5665,0.23748974398188386,0.20510079445361717
2024-01-03 11:05:00,57030,32150,12644,13400,0.1732801975053855,0.22429754612727937
2024-01-03 11:10:00,47007,33406,11560,5951,0.18824143095165077,0.24846645405450665
2024-01-03 11:15:00,55283,39781,15917,14249,0.18202686976143884,0.16502725540410426
2024-01-03 11:20:00,45671,77417,10247,17936,0.17819110344651823,0.19791929889394322
2024-01-03 11:25:00,45385,70511,10356,18629,0.22077480000820776,0.24182884568596585
2024-01-03 11:30:00,31236,78435,9077,19455,0.18847995794503397,0.14171543157395983
2024-01-03 11:35:00,42024,57621,9898,9722,0.1611732258632781,0.21329392622455656
2024-01-03 11:40:00,66872,38325,15858,17812,0.15356056179560218,0.21814723530939123
2024-01-03 11:45:00,59384,23148,16391,18892,0.12490715120576634,0.13156681966301398
2024-01-03 11:50:00,37376,48879,15946,9008,0.19581537104479596,0.23196242007379847
2024-01-03 11:55:00,78625,69011,6417,15060,0.14989498400213444,0.2257036561244097
2024-01-03 12:00:00,57138,27933,19810,18056,0.1392574098621298,0.12434239085506647
2024-01-03 12:05:00,38157,29436,13846,11655,0.2049978952975981,0.1318409739344067
2024-01-03 12:10:00,39945,37669,15634,11190,0.20855720351680135,0.1263864962059408
2024-01-03 12:15:00,56584,26474,5110,5771,0.21778013599349658,0.16351665913391708
2024-01-03 12:20:00,43017,67447,13281,18027,0.18546499652401688,0.1862075687883904
2024-01-03 12:25:00,21756,31228,13954,9030,0.23622709867650526,0.18920520463410173
2024-01-03 12:30:00,55141,53538,18591,12859,0.2417245579417696,0.15479667877002753
2024-01-03 12:35:00,22576,21843,18644,5521,0.22495822217302364,0.23850759525283566
2024-01-03 12:40:00,45467,20073,12391,8355,0.20262715266106435,0.1678741626833487
2024-01-03 12:45:00,56952,70812,16364,6400,0.1594837239668545,0.12592152027549583
2024-01-03 12:50:00,51205,36059,15371,19469,0.24778283981062876,0.15902952450038021
2024-01-03 12:55:00,78051,40733,10132,16930,0.15563770173495198,0.18904422493074022
2024-01-03 13:00:00,55165,76254,7504,17535,0.14634539985875603,0.17306883693647016
2024-01-03 13:05:00,32674,60768,14656,8723,0.17748003479225577,0.15559952748290368
2024-01-03 13:10:00,63094,45395,13289,18629,0.1273892741926105,0.13707202246936126
2024-01-03 13:15:00,63314,40202,10239,11579,0.2472042804073328,0.22649138501250987
2024-01-03 13:20:00,42353,33273,5292,8247,0.19649636233413523,0.24949888147614493
2024-01-03 13:25:00,49849,68889,15031,6858,0.19240377191634278,0.16284047735810467
2024-01-03 13:30:00,24535,53099,6734,9781,0.2052535163869636,0.1696107357429585
2024-01-03 13:35:00,76035,70573,10120,9064,0.18461307421103684,0.2003448782080044
2024-01-03 13:40:00,77279,27512,15811,17873,0.1241682572222904,0.2133973917156204
2024-01-03 13:45:00,67367,48231,11393,7398,0.1996004675492516,0.17096383952446687
2024-01-03 13:50:00,61936,43274,17939,5142,0.21310260400433598,0.23764083720763599
2024-01-03 13:55:00,37118,57699,7196,10062,0.17417737788112692,0.19280051859975939
2024-01-03 14:00:00,79812,79035,8466,16043,0.21844842436925507,0.17855070993277103
2024-01-03 14:05:00,79884,65510,19379,8469,0.14951016891399468,0.20406745791078768
2024-01-03 14:10:00,20632,42409,6906,8695,0.1487659568386039,0.2438645002723925
2024-01-03 14:15:00,33280,66194,6721,5717,0.1409842083993846,0.2232917982748217
2024-01-03 14:20:00,34746,73560,16883,5642,0.16835931877259103,0.12520170696956617
2024-01-03 14:25:00,57036,25113,18355,16632,0.23011156460058085,0.16320028839619474
2024-01-03 14:30:00,73251,61187,19497,7548,0.22762856807937837,0.18117080904365895
2024-01-03 14:35:00,39285,22881,6816,16885,0.1697671470352555,0.1608872843871837
2024-01-03 14:40:00,38047,65913,13444,13561,0.19658543567743075,0.21102438290795933
2024-01-03 14:45:00,68089,66324,9227,8650,0.21370612114173904,0.22741498948213554
2024-01-03 14:50:00,30207,39249,16711,12549,0.151356880701643,0.2150748623740853
2024-01-03 14:55:00,25591,55343,15099,18397,0.14185834116631713,0.2486133272876758
2024-01-03 15:00:00,47757,32714,15102,13978,0.24637247911760043,0.15543119422609378
2024-01-03 15:05:00,36226,58953,15713,18771,0.2002824507172504,0.23374863435317478
2024-01-03 15:10:00,49732,28656,10775,5949,0.24758404383837632,0.2196609464726832
2024-01-03 15:15:00,47206,25741,8849,10444,0.1639082783271898,0.167083238482559
2024-01-03 15:20:00,40256,36661,10228,5521,0.2113941209966371,0.21543619067540593
2024-01-03 15:25:00,53822,51555,11849,11632,0.1489384727503609,0.1335298743343721
2024-01-03 15:30:00,61340,48690,6058,11048,0.15395602226560867,0.2226133527042718
2024-01-03 15:35:00,66347,52833,16730,19732,0.18654727576505112,0.18920297833632332
2024-01-03 15:40:00,72234,57030,19213,16135,0.16155035631604925,0.1579977224522029
2024-01-03 15:45:00,63351,25704,7322,5354,0.14179080329927599,0.20525104923194343
2024-01-03 15:50:00,60775,68123,13378,18234,0.15417449125861238,0.20341059983287318
2024-01-03 15:55:00,68671,61362,5948,15527,0.1246472912805624,0.14723320895354797
2024-01-03 16:00:00,29784,32175,13179,6482,0.21157507079207327,0.12395166392549839
2024-01-03 16:05:00,57029,77141,15482,14839,0.183975165421162,0.17637093629721762
2024-01-03 16:10:00,55157,32696,9359,16237,0.13225159863258834,0.19403654301477474
2024-01-03 16:15:00,39937,59023,19285,17823,0.14232021910670384,0.23395868618817778
2024-01-03 16:20:00,74290,60209,17809,18602,0.13332948995464372,0.24066818343418728
2024-01-03 16:25:00,66707,48054,10660,11994,0.19963706507586393,0.18874467836037961
2024-01-03 16:30:00,31219,41076,18070,7215,0.1322473472696242,0.21799445288991082
2024-01-03 16:35:00,29399,34986,12254,18237,0.2180567032945781,0.1771094254026396
2024-01-03 16:40:00,53312,66118,17822,9716,0.12266641951165085,0.2169906803544761
2024-01-03 16:45:00,47657,34440,13401,13619,0.15241885243946596,0.1466241982420917
2024-01-03 16:50:00,40047,73571,7093,10821,0.23578666786594793,0.1682384155244591
2024-01-03 16:55:00,55007,27960,16730,7537,0.213409071355892,0.2024496398457699
2024-01-03 17:00:00,30559,42462,6563,19690,0.1294858832803394,0.12236053552892025
2024-01-03 17:05:00,40157,37821,13217,11339,0.22674639358307336,0.21391997034406401
2024-01-03 17:10:00,55395,77772,5174,13736,0.18409456580022662,0.22861961516486168
2024-01-03 17:15:00,26618,47258,18827,15956,0.2300817935319478,0.17188841594221368
2024-01-03 17:20:00,64891,47353,6334,9919,0.19809617067855112,0.17823251423303135
2024-01-03 17:25:00,26780,43416,5321,12075,0.20863829416427163,0.230666687588149
2024-01-03 17:30:00,47050,42115,10698,8765,0.24915520285144205,0.22083510259238434
2024-01-03 17:35:00,28015,72530,18446,18290,0.15020362097012235,0.15745943357433875
2024-01-03 17:40:00,23130,66433,17342,13850,0.20111292471898048,0.16211689385300007
2024-01-03 17:45:00,48083,44968,17239,12082,0.1798417807074618,0.20825417021077758
2024-01-03 17:50:00,36480,42731,18854,7827,0.12512875387994987,0.19321575201826097
2024-01-03 17:55:00,67599,42785,18897,7058,0.12188118339537245,0.1410898442425446
2024-01-03 18:00:00,73010,59397,16419,12749,0.1354997151163216,0.16029088819979162
2024-01-03 18:05:00,55476,33828,15064,16519,0.20438192627001125,0.23699782599422503
2024-01-03 18:10:00,58165,24541,19482,19731,0.19373120142874098,0.20946267677389424
2024-01-03 18:15:00,31528,60644,10604,5730,0.19194584295128458,0.24817666129911753
2024-01-03 18:20:00,75304,33311,11742,6832,0.1241413791286738,0.2197116288975
2024-01-03 18:25:00,69608,77685,15259,13600,0.1810093895268009,0.24245667617866673
2024-01-03 18:30:00,25914,77476,12436,11505,0.2402009663195287,0.1481045146031618
2024-01-03 18:35:00,57136,50531,13524,12170,0.17168694301038406,0.22029303372620035
2024-01-03 18:40:00,31179,34588,10674,9179,0.20123992107249933,0.12262827761921366
2024-01-03 18:45:00,40472,69416,10002,11299,0.22137642783100867,0.20719880282249942
2024-01-03 18:50:00,32076,32380,16183,12830,0.2219102862884454,0.18100669615563136
2024-01-03 18:55:00,78375,62645,5910,16439,0.18750641071138527,0.16507880934960892
2024-01-03 19:00:00,44783,37818,17688,9802,0.2315337529023037,0.23211256579810158
2024-01-03 19:05:00,71089,50857,5949,11057,0.1708791521372871,0.231054800045479
2024-01-03 19:10:00,66716,41711,10425,11615,0.23553011792202377,0.12289922163682367
2024-01-03 19:15:00,70298,25097,15267,11762,0.1512295316314209,0.199235665918426
2024-01-03 19:20:00,74304,70812,7514,10543,0.15642813290877422,0.16781818916172433
2024-01-03 19:25:00,33824,48393,16523,13325,0.12690568114587014,0.1740359301950584
2024-01-03 19:30:00,24299,42076,12701,9883,0.22342563875049676,0.22816529609844088
2024-01-03 19:35:00,66888,38738,16221,12050,0.17421718071025172,0.16027917029859817
2024-01-03 19:40:00,28118,77609,19198,9959,0.14978515980848187,0.2425963453828906
2024-01-03 19:45:00,30756,49317,5100,5666,0.15013273609015534,0.1433523974283783
2024-01-03 19:50:00,77786,59229,9646,5276,0.2371819923598003,0.20615391503786312
2024-01-03 19:55:00,76911,78480,11945,16499,0.22840915805993478,0.20737365871178942
2024-01-03 20:00:00,27953,27044,7400,19063,0.19195901509643382,0.15278537098562936
2024-01-03 20:05:00,57552,25497,16563,5881,0.20009440405404375,0.16221757916573626
2024-01-03 20:10:00,35185,73701,10801,7060,0.18166232417153783,0.22852380403539224
2024-01-03 20:15:00,61792,75486,7343,19677,0.17091665057424515,0.21903468314414382
2024-01-03 20:20:00,34674,75162,5352,7082,0.2390119945583831,0.16278246444091873
2024-01-03 20:25:00,70613,33751,7955,11702,0.13632965145763926,0.18941435110154142
2024-01-03 20:30:00,64476,49882,6018,14429,0.17439808266310963,0.1280184385129024
2024-01-03 20:35:00,53927,74078,6179,15644,0.1647930480384238,0.1471369647118218
2024-01-03 20:40:00,20386,78734,10193,19993,0.18475959363264927,0.18315667265185187
2024-01-03 20:45:00,46617,62072,8536,5158,0.17949214369087274,0.1311765855862975
2024-01-03 20:50:00,27192,63194,16842,10229,0.18745563911464058,0.22963320613595187
2024-01-03 20:55:00,30745,63826,7502,15788,0.13818946703950924,0.21334080731399424
2024-01-03 21:00:00,50020,42449,8819,12956,0.18670839519672602,0.24267237718430432
2024-01-03 21:05:00,62678,64028,11855,12514,0.1515144458053374,0.21015069777532353
2024-01-03 21:10:00,41159,71331,5979,17007,0.14396307536846487,0.24225217839408414
2024-01-03 21:15:00,23409,74119,18643,19139,0.12842844844220486,0.19208663223982544
2024-01-03 21:20:00,69841,53402,18026,12803,0.21914483263829831,0.19802841943805602
2024-01-03 21:25:00,76180,72783,5976,17566,0.1755674497113528,0.24700623710141392
2024-01-03 21:30:00,76414,52543,14563,7526,0.20146367883052857,0.20347678909235384
2024-01-03 21:35:00,74816,78743,7280,13302,0.21458713462961665,0.12400225395189705
2024-01-03 21:40:00,75918,49362,10897,12803,0.20831116649076195,0.21409436096196804
2024-01-03 21:45:00,45745,47315,19437,11574,0.18116509348165868,0.23771092997786403
2024-01-03 21:50:00,65948,47746,18240,13733,0.17042680876372487,0.22342543247326246
2024-01-03 21:55:00,70104,30057,17768,6138,0.16887478825328628,0.19589832544130492
2024-01-03 22:00:00,49455,66113,18525,12257,0.20320634360090734,0.20726945670215713
2024-01-03 22:05:00,58910,62915,5107,8283,0.18432326614244354,0.24872493260271733
2024-01-03 22:10:00,58735,41061,14164,12762,0.2303871922385064,0.13178607150621396
2024-01-03 22:15:00,49166,71370,6626,16802,0.23371125796247255,0.20674182772232114
2024-01-03 22:20:00,59973,54157,13895,12896,0.1421728491408474,0.1568417002941772
2024-01-03 22:25:00,48072,65839,19670,17647,0.13771037470094433,0.2032117515562021
2024-01-03 22:30:00,68774,31322,11229,16749,0.20195212038467994,0.19899106486491203
2024-01-03 22:35:00,32109,24276,11877,7419,0.15915934724809633,0.13994938817406105
2024-01-03 22:40:00,65802,32306,5874,18526,0.12241419343946285,0.1468770639462311
2024-01-03 22:45:00,22484,54017,10543,6756,0.23552354701718414,0.20081184514561776
2024-01-03 22:50:00,54622,76792,8809,16278,0.14949709974169506,0.13666989314949063
2024-01-03 22:55:00,64399,47742,15603,18242,0.24080648471915517,0.15447351376694196
2024-01-03 23:00:00,72383,51600,7107,7306,0.21326647861417297,0.2285819212059403
2024-01-03 23:05:00,22597,74864,16745,12630,0.21914495368849296,0.16252189578021303
2024-01-03 23:10:00,60597,37629,14465,11263,0.14618999445311084,0.1834478203150562
2024-01-03 23:15:00,60954,28245,5559,14167,0.15044527533018567,0.24234824356895923
2024-01-03 23:20:00,23983,51414,13308,10008,0.18776480799712855,0.14952938154880302
2024-01-03 23:25:00,76115,63870,9969,10247,0.14237298084448208,0.17065138225654136
2024-01-03 23:30:00,59452,50098,18255,13914,0.1597061200487942,0.19883951082066093
2024-01-03 23:35:00,63151,68994,8046,7570,0.1617901221332146,0.2181940608355164
2024-01-03 23:40:00,79979,30588,18856,10807,0.1407518913228593,0.23721494027265166
2024-01-03 23:45:00,37040,20442,5043,12812,0.14667376834137089,0.23901148838455696
2024-01-03 23:50:00,64772,59744,5508,5324,0.22251173946107333,0.22096320966844096
2024-01-03 23:55:00,76895,57443,11107,12487,0.14173546109114488,0.14968300875713036
2024-01-04 00:00:00,50554,31803,18476,14721,0.12369946093970992,0.12322521290553355
2024-01-04 00:05:00,47916,60721,8439,10645,0.201816142541762,0.1698906109462311
2024-01-04 00:10:00,64871,57145,8928,18361,0.24687780552101848,0.13840135062841702
2024-01-04 00:15:00,75991,30599,10411,6945,0.16305779590100578,0.21235039416697876
2024-01-04 00:20:00,46372,27058,18136,18895,0.1354252414155128,0.20594697628734318
2024-01-04 00:25:00,59080,37206,19167,19404,0.194150352297779,0.12571631341078912
2024-01-04 00:30:00,60706,31894,5916,9486,0.23782604744243402,0.22875719128702365
2024-01-04 00:35:00,62722,22939,16137,7430,0.22192803137770223,0.1523366246178537
2024-01-04 00:40:00,75328,76248,5798,17303,0.20092706289365309,0.1761895198138355
2024-01-04 00:45:00,49048,42149,9971,8510,0.1609573445589879,0.20683138560924652
2024-01-04 00:50:00,39669,21031,6760,5845,0.1904444225259086,0.17582444229079291
2024-01-04 00:55:00,29777,30208,15525,18156,0.1318618293695532,0.17736741436399264
2024-01-04 01:00:00,74711,20562,8275,5567,0.2082629051564871,0.12853163939364626
2024-01-04 01:05:00,56331,63498,5818,16880,0.2142624824566946,0.17218766140380048
2024-01-04 01:10:00,79784,69492,15360,7179,0.24545411097828945,0.21943022611859786
2024-01-04 01:15:00,40968,40951,10040,7019,0.15385165663685932,0.23897292383425772
2024-01-04 01:20:00,73969,68920,16927,8319,0.12239933447559294,0.17375462781823833
2024-01-04 01:25:00,57809,66766,8065,7320,0.19092910037552957,0.17506615749428026
2024-01-04 01:30:00,31292,77014,8259,6646,0.21188276557158586,0.21134152382207477
2024-01-04 01:35:00,75334,48351,5906,17195,0.22275297186478843,0.24256036014368595
2024-01-04 01:40:00,60794,38680,17300,8909,0.14518606129322537,0.15471792223111683
2024-01-04 01:45:00,33923,69386,5602,13015,0.15402787297481307,0.17721874684993177
2024-01-04 01:50:00,72396,41586,9295,8420,0.18663682028474854,0.22347652166179915
2024-01-04 01:55:00,70192,29308,15825,15723,0.16297810529610024,0.199260164018625
2024-01-04 02:00:00,47703,79252,14983,19885,0.23186649325636785,0.1343762247153141
2024-01-04 02:05:00,38657,29609,8527,5356,0.18158881998603363,0.20160525562309456
2024-01-04 02:10:00,23629,49495,9543,12485,0.22394522373326037,0.1442770169976525
2024-01-04 02:15:00,22114,37675,6811,18944,0.19548056886270598,0.18632807143019253
2024-01-04 02:20:00,76516,48064,17103,8081,0.22050171841022456,0.188783424795857
2024-01-04 02:25:00,54445,73879,14032,7280,0.16324748824894209,0.23390643708924802
2024-01-04 02:30:00,55862,28720,16334,9131,0.22808416085094046,0.18012425562161696
2024-01-04 02:35:00,45574,62940,17877,15652,0.1556944010216328,0.15632751489066624
2024-01-04 02:40:00,52349,34457,12963,10123,0.1909928450404278,0.1500256252680841
2024-01-04 02:45:00,42257,22939,10249,19379,0.14782092471260364,0.23365274396896368
2024-01-04 02:50:00,55052,67113,15282,19903,0.18181844781140513,0.14223141107436968
2024-01-04 02:55:00,57820,68926,9615,12422,0.1613627772361314,0.17536291291480868
2024-01-04 03:00:00,76214,58203,14228,7787,0.15467144598283786,0.1443325049405031
2024-01-04 03:05:00,37973,43365,13916,9209,0.24570805234364487,0.2205295252148688
2024-01-04 03:10:00,45737,25392,11766,19060,0.14080963371327498,0.18166844319670047
2024-01-04 03:15:00,71672,45905,14179,11540,0.22235235886946136,0.16564867977238557
2024-01-04 03:20:00,32047,27972,5802,14389,0.24794144473281793,0.16694295328144068
2024-01-04 03:25:00,73800,70385,7582,14470,0.12258719288621012,0.23078784687398735
2024-01-04 03:30:00,42113,50653,11445,5465,0.21087356382547234,0.19199061405827694
2024-01-04 03:35:00,20694,46329,8837,17192,0.15287853472231733,0.21332282064706426
2024-01-04 03:40:00,76959,39184,13718,16540,0.12526341716267958,0.23661500711258898
2024-01-04 03:45:00,35588,34799,6665,6487,0.172375645264362,0.23722641788528348
2024-01-04 03:50:00,65823,71927,14330,9942,0.24157831532221374,0.1627061770639222
2024-01-04 03:55:00,68848,35052,13651,9597,0.12152946226770969,0.2438186642090301
2024-01-04 04:00:00,40067,26044,11975,9536,0.19642513995087163,0.1232338646618987
2024-01-04 04:05:00,26704,39871,7552,19404,0.18518154221739216,0.16898862293210154
2024-01-04 04:10:00,60136,43767,12475,5325,0.2335399413682362,0.2364538514761494
2024-01-04 04:15:00,21971,67183,18219,14957,0.13092022288768132,0.15570279437620776
2024-01-04 04:20:00,67361,40234,19274,9162,0.20859838388526453,0.1555005885417714
2024-01-04 04:25:00,78847,79871,17612,5303,0.20841426079632605,0.15934089706064553
2024-01-04 04:30:00,60823,41381,17866,10067,0.20698040219209682,0.19960074003009987
2024-01-04 04:35:00,31441,37274,7808,17771,0.2425034843415548,0.17698326082986598
2024-01-04 04:40:00,51476,66626,16090,10024,0.22700137877089444,0.21447552872593453
2024-01-04 04:45:00,73370,42304,10633,12715,0.1254564544116558,0.23633838353340655
2024-01-04 04:50:00,34677,79409,16435,14632,0.18124077059158672,0.20764591874257188
2024-01-04 04:55:00,47818,37572,17260,13340,0.17173389730617333,0.1465806736256848
2024-01-04 05:00:00,21868,58412,19837,16226,0.16031913874180426,0.2412486473068653
2024-01-04 05:05:00,38055,69892,11096,7631,0.17867377427003264,0.1543840735351722
2024-01-04 05:10:00,78426,70521,19669,11391,0.16994524404037706,0.13948625839266054
2024-01-04 05:15:00,21728,45965,15523,18412,0.17620340698422648,0.1316957462519249
2024-01-04 05:20:00,27632,38384,17762,13287,0.24730404252912352,0.19323988628660152
2024-01-04 05:25:00,32043,37855,18365,16647,0.1315222867174455,0.13478912012248473
2024-01-04 05:30:00,26403,37920,18769,17569,0.23989001307903488,0.138040864934642
2024-01-04 05:35:00,35732,36702,18890,7369,0.18243077275123348,0.15900396247741455
2024-01-04 05:40:00,75244,79608,18731,16659,0.20108649191494035,0.1566148912589803
2024-01-04 05:45:00,38526,57921,16877,5528,0.2279237856603002,0.1985511363431785
2024-01-04 05:50:00,29340,21894,13823,15502,0.16686019378940323,0.2261768863314486
2024-01-04 05:55:00,58952,50985,17990,18930,0.17595484805143569,0.21897545530637602
2024-01-04 06:00:00,42394,48287,7456,9675,0.1732374024362328,0.154122979113142
2024-01-04 06:05:00,53021,27991,14173,6663,0.1687150329296488,0.15189036473817738
2024-01-04 06:10:00,24102,35439,10423,8364,0.24031881181409634,0.24555289891390578
2024-01-04 06:15:00,56310,49084,19246,7341,0.22776088585509158,0.12107071140695481
2024-01-04 06:20:00,39159,62235,17846,18919,0.13416999868218688,0.23436366929782804
2024-01-04 06:25:00,76830,47659,9317,19730,0.13405603582202247,0.14596470748591264
2024-01-04 06:30:00,26212,44976,6556,11656,0.17562303693088885,0.24314696200166983
2024-01-04 06:35:00,51824,58703,7205,9905,0.13282545897526518,0.16449994702757756
2024-01-04 06:40:00,57405,37107,17635,13884,0.20048210238524555,0.1772457306061228
2024-01-04 06:45:00,31525,22329,18470,17522,0.1386799089440254,0.21192567981276952
2024-01-04 06:50:00,48760,62095,18176,14143,0.18790852431568414,0.19639697669152384
2024-01-04 06:55:00,75186,22770,8955,10950,0.1209385931104833,0.16133211286188698
2024-01-04 07:00:00,64239,76697,14113,6360,0.16115752529364408,0.19199801906281705
2024-01-04 07:05:00,65268,24846,18546,10127,0.20803479407744518,0.2149918949671752
2024-01-04 07:10:00,47457,36651,11805,10562,0.1829250622296203,0.12550354296732397
2024-01-04 07:15:00,77609,69044,5404,19252,0.24717503317986844,0.12145590968324153
2024-01-04 07:20:00,68015,34633,18568,13730,0.2336334934886074,0.17954870207947587
2024-01-04 07:25:00,30532,33628,17964,14011,0.16667920127560965,0.13713876031445685
2024-01-04 07:30:00,33518,20569,17876,10777,0.1259132503913957,0.20636475789041286
2024-01-04 07:35:00,26476,79900,6620,16354,0.22993141901495245,0.14782681930956643
2024-01-04 07:40:00,72300,21973,19893,8925,0.2384604603409073,0.17627064388343722
2024-01-04 07:45:00,39743,77889,7952,13463,0.2266815611444748,0.14569722179365496
2024-01-04 07:50:00,21004,55590,13080,13001,0.13663349231956942,0.19130286614738617
2024-01-04 07:55:00,63054,73612,8118,6028,0.2497289674735974,0.13508694971999397
2024-01-04 08:00:00,57485,53038,12380,16857,0.15361594880186058,0.12300389086237243
2024-01-04 08:05:00,23271,69088,19814,11018,0.2141466386650881,0.12664711295387063
2024-01-04 08:10:00,65482,27641,11630,6242,0.2380445339236438,0.24405359739699028
2024-01-04 08:15:00,20209,28930,14786,14333,0.15063932486299222,0.13849720841942165
2024-01-04 08:20:00,45463,26680,5565,13784,0.23807361210801858,0.21210217290778857
2024-01-04 08:25:00,25539,21257,19859,12119,0.1602326052953327,0.1288304065489674
2024-01-04 08:30:00,69305,28250,9799,14797,0.2469337189099273,0.13406084579057367
2024-01-04 08:35:00,39977,58138,12670,9210,0.15656380264946168,0.18615391268321352
2024-01-04 08:40:00,28606,48757,7868,11406,0.24394665721851858,0.18043322092006467
2024-01-04 08:45:00,64384,24858,14049,8377,0.12696080461604772,0.24370544022718305
2024-01-04 08:50:00,54052,61349,14476,18965,0.2122053615170757,0.24282860889269586
2024-01-04 08:55:00,23148,33491,13776,18733,0.18917444739881048,0.22134912353052044
2024-01-04 09:00:00,53536,45294,9327,9071,0.18212402002595499,0.19827323791655546
2024-01-04 09:05:00,78326,76151,11413,17494,0.14905426085325918,0.17914484126109143
2024-01-04 09:10:00,25607,65204,12614,16886,0.21172745267094395,0.16630320946269472
2024-01-04 09:15:00,39586,65638,6245,15542,0.1448052338880199,0.2431213811068222
2024-01-04 09:20:00,49250,69272,13243,17399,0.19186943347801988,0.1983781454852091
2024-01-04 09:25:00,71939,26908,15355,6440,0.1529218971952326,0.1952794285991793
2024-01-04 09:30:00,38594,30844,5537,8626,0.24423077937157628,0.15014714582995892
2024-01-04 09:35:00,78382,71455,5540,15074,0.12372205519863486,0.1260707163250647
2024-01-04 09:40:00,27399,57629,18330,16903,0.14596467641446076,0.24287451536874077
2024-01-04 09:45:00,75490,22911,5814,5184,0.1515003788303682,0.160785583649805
2024-01-04 09:50:00,45117,28991,6415,19052,0.17382881734981614,0.17753657303217962
2024-01-04 09:55:00,53126,31572,16030,9996,0.15025493144310695,0.1349031926661419
2024-01-04 10:00:00,53617,63066,6652,13412,0.18387538173494208,0.22880016288820795
2024-01-04 10:05:00,27498,49693,15857,13031,0.23342051802361008,0.12359213827127098
2024-01-04 10:10:00,57290,60004,17706,10563,0.2125682447831922,0.22841879907288254
2024-01-04 10:15:00,71696,58333,9062,8188,0.19539505746956443,0.1382370516624357
2024-01-04 10:20:00,65541,75683,7356,14285,0.13157041313774834,0.23525333464204978
2024-01-04 10:25:00,70983,37493,8810,7945,0.21021897409060583,0.21487044285370044
2024-01-04 10:30:00,70624,59697,14055,11765,0.1416338569604222,0.14140713412594966
2024-01-04 10:35:00,29628,37634,5185,7474,0.22222776017502072,0.19355633907173087
2024-01-04 10:40:00,20329,79984,17548,11787,0.1525073786063199,0.16064532086617853
2024-01-04 10:45:00,58619,44561,6551,15807,0.1742163346817171,0.14317030285850585
2024-01-04 10:50:00,27032,38033,18584,15204,0.16556112630133063,0.23169368592344408
2024-01-04 10:55:00,68094,27351,15399,15682,0.2316458089077314,0.17245795964593982
2024-01-04 11:00:00,58034,75063,12013,13792,0.13645077963274305,0.17181068286749973
2024-01-04 11:05:00,57122,45921,5761,14352,0.1935338347100225,0.1420852677248606
2024-01-04 11:10:00,75587,39340,17511,9599,0.13846800922759808,0.16979853789115124
2024-01-04 11:15:00,77130,34901,14471,11274,0.21162345869718427,0.23331019002275052
